"","V1","V2","V3"
"1",0.0184340163810857,0.00480204824534504,0.0007398990113528
"2",0.00706068566345125,0.00466052200446626,0.0160668951247859
"3",0.0152745847605701,0.00422603224685563,-0.00118922212181423
"4",0.01751208061106,0.00554696754697791,0.00237215075448162
"5",0.00602732563114139,-0.00284884292370343,-0.00188203940983143
"6",0.0102737533866943,0.0013606939703905,-0.00401595627489603
"7",-0.0130888436632668,0.00444110136422451,-0.00487554970791652
"8",-0.0058115016083768,0.00864953829801324,0.00467418353874089
"9",0.018816270092123,0.024285227895274,0.0112404659300038
"10",-0.00301664978742233,0.00747615247798032,0.0109982708286688
"11",-0.0140176277924342,0.000875750898954579,-0.010653170247329
"12",-0.00998743021926897,0.0144575616095217,-0.00437773978719246
"13",-0.0147391555422311,-0.0105012793176284,-0.00262273315848527
"14",0.00693117446178036,0.0070350187767018,-0.0101577373939786
"15",-0.00730454487226562,0.0102418684563158,0.0155257975387907
"16",-0.000459801048302758,0.000580660841423784,-0.00452269654778108
"17",0.0149244306738064,-0.0024878557407036,-0.00948545384305942
"18",0.0109988750185268,0.000357133644302361,0.00104446741034017
"19",0.0150400977665191,0.00468579714016073,-0.017578740720654
"20",0.00587015553778855,-0.0103631778222671,0.0012122805095366
"21",-0.00701798757605235,0.00198344337318335,-0.00582055396534257
"22",-0.0053189914574707,-5.98271423681492e-05,0.0124366548984452
"23",-0.0149087727981929,-0.00546394745345936,0.00563622459471367
"24",-0.0109046950827466,-0.00251015378660592,-0.00232321731327571
"25",0.00326816314995103,-0.00857601391708902,0.00898780388699767
"26",0.00715625851520736,0.00231680013360441,-0.0105067855511857
"27",0.000111010431191778,-0.00473061585126967,0.000172974088231723
"28",-0.0213034054231193,0.00338019250393331,0.00763621489072832
"29",0.0008173542848994,-0.00578633618439574,0.000965152612239019
"30",-0.00404921128610457,-0.00658197223015154,-0.0102482977744618
"31",0.00280666421306702,0.0106188792937831,-0.00989327796296731
"32",-0.00158723643252454,0.00802784190127136,0.00485767495277175
"33",-0.000149567954137469,-0.00334435092326494,-0.00105856823397427
"34",0.00240983577688536,0.0134896228393179,-0.00796232861725702
"35",0.0175645929825761,-0.0061146035967767,0.00759915629555154
"36",-0.00273393355759561,-0.00922364129476267,0.0102918315791739
"37",0.00601014885323832,0.00852759839697057,0.0192794602396969
"38",0.00112305822827657,0.0139546469406095,-0.0136148386683793
"39",0.00345266438611149,0.00782604838077494,0.00506535066842909
"40",-0.00757315765034983,0.00287542277751633,-0.0054661669810469
"41",-0.00529158880752584,-0.00669913459120571,-0.00923393946007524
"42",0.00596200673625427,-0.00597340716525321,0.00717117007689067
"43",0.00930004459985635,0.0022121627281013,-0.000460732422892255
"44",-0.00226284188217255,0.000999550376958965,-0.0028032550741652
"45",-0.0057512862082716,-0.00965012535034357,-0.00507171609449943
"46",-0.00585433898429367,0.0132913529031958,-0.00579641623394243
"47",0.00199461182552777,0.015550772536316,4.43422936807965e-05
"48",-0.0091763635599685,0.00817801309298656,0.00416162425778659
"49",-0.00344098826537987,0.00447753276147633,0.00188131109024627
"50",-0.0143753013140368,-0.0193856624935254,-0.0108864309924754
"51",-0.00592451562272805,0.00345722103530378,0.00181667490491687
"52",-0.00484047920901456,0.000237510955616635,0.0113330204300283
"53",-0.0101382130281734,0.00178835034465071,-0.0236335377086896
"54",0.0035802446079548,-0.00342225902303461,0.00148853363117827
"55",0.0130771323407332,-0.00692026960179097,-0.00280394095954009
"56",-0.0204887313572459,-0.00624850391090697,-0.00463788177468866
"57",0.00264806642207323,0.0052421677919393,-0.000794950515725318
"58",0.00589853144816785,0.009903081348612,0.00108035428280694
"59",-0.00775287230979892,-0.0193622510475701,0.00636808687889831
"60",-0.00497420975157731,-0.00838322016498669,-0.00509369279586557
"61",-0.00222490985878397,-0.0042053424627703,-0.0190500621682464
"62",0.0198668705168955,0.00378833203914789,-0.000771854830098733
"63",-0.0127033256999486,0.00440015219237048,0.00710994188530756
"64",-0.0144657741262059,-0.00694752097945164,0.00570255158726557
"65",0.00129914890548931,-0.000332129778694544,-0.00262255731643959
"66",0.0210385072866316,-0.00856386194860361,0.00173746542723705
"67",0.00516647640347128,-0.00498163543350859,-0.00314681734382511
"68",0.0053330348760364,-0.0143813688797926,0.0204691721216457
"69",0.00773049717169075,-0.0150944754964097,0.0207543113858633
"70",-0.0027667443570909,0.0057212148616742,-0.00955719143721089
"71",-0.00298545764528292,-0.0103732318740783,0.000664418203339877
"72",0.00568482080573506,-0.0300061068378445,-0.0119627151155188
"73",0.00428192534670051,-0.00374610077787215,0.00314814487466299
"74",-0.00362590163733427,-0.00793086067377202,-0.00334473542967505
"75",0.00199360995184719,-0.00808236022455727,0.011162766411662
"76",-0.00305865132380637,-0.014426127101724,0.00506165505865143
"77",-0.000760150696994318,-0.00431831824892737,0.00818312398787161
"78",-0.0148379658380679,0.0038267171667811,0.00487579568622223
"79",0.0236068171829174,0.0229624745189612,0.00621739403855442
"80",-0.0292543229498363,0.00110609784234302,0.00305200092378697
"81",0.0194386255676322,0.0110727505184459,-0.00808617029578613
"82",-0.000511074934692679,0.00310127639005413,0.00327344490772181
"83",0.00413802359576263,0.00401252445752258,0.0060174020845831
"84",0.0130992552039458,-0.00346039367092369,0.00992509200587148
"85",0.0151008214087672,0.000889158393018005,0.00221050526849554
"86",0.0317951180169447,0.0120557413565429,0.00155008107410997
"87",-0.00333231806298275,0.00654129936839234,0.00246837915912199
"88",0.0127718421613151,0.0112481340622571,-0.00688713244130108
"89",0.00268834978212902,-0.00764133857490716,-0.00902362609953939
"90",-0.0192333735780865,-0.000346540151549601,0.0115708689675523
"91",0.0122351736041974,-0.00460655761324461,-0.003358934822447
"92",-0.00487341982510515,0.0166875764237652,-0.00581906350201068
"93",-0.00316434561693251,-0.0123502406571537,-0.00901084683690853
"94",5.71646509628114e-05,0.000611837221509547,0.00435877085807424
"95",0.00309759997799701,-0.00718281843429692,0.00553989674628
"96",0.0032052302341172,0.000633307570845969,-0.00805411975654613
"97",-0.0133614377001625,-0.00830202573775342,0.00316680326540746
"98",0.000899486704768781,0.00142180207131014,0.00158262470140237
"99",-0.0135502380497027,0.0079066625272421,0.00264330239142584
"100",-0.0249972057614422,-0.00199324007447961,-0.0236537731681839
"101",0.000835511828316275,-0.0189735708946,-0.00413396298241533
"102",0.00448732283012497,-0.0110443159284996,0.00360163391533587
"103",-0.011485198890884,-0.01496868136704,0.0185015753571051
"104",-0.00614242214337583,0.0071840219305772,0.00449312649073533
"105",-0.00377937929069594,0.00242678445294547,0.000196967745783671
"106",-0.00914910232319162,-0.0108168964222642,-0.00464817555953128
"107",-0.00138806714601988,0.0101612488985027,-0.0105988827577565
"108",-0.00894851844299424,0.00751873253286981,-0.00454672394431373
"109",0.00832583950081797,0.00329105414481115,0.00978393326932611
"110",-0.00321387287353756,0.00324330327415873,-0.0285500215302896
"111",-0.00994518780299769,-0.00571605867037563,-0.00224527460851709
"112",0.0148396631685107,0.0064181514012932,-0.00369631052561207
"113",-0.00902545154737282,-0.017608862259564,-0.0166772942013902
"114",-0.0250371643195765,-0.0129917443039128,0.0232928385851557
"115",-0.00240352354614101,0.000589155997166301,-0.00874908360382576
"116",-0.029728664668251,-0.00119901128731965,-0.0119801545097964
"117",0.0155436957469417,0.00757111679963905,-0.00391603462807616
"118",-0.0198487112628939,-0.0122842164717219,-0.00264713509096501
"119",4.56672691661233e-05,-8.00220795605791e-05,-0.00589091125815549
"120",-0.00656117059879152,-0.00780276323542548,-0.0137326167986616
"121",0.000236326806162043,-0.00199286843930485,0.00832313474585507
"122",0.00834790084009308,-0.0127085362715256,0.00677439837487918
"123",-0.00949112003606101,0.00957540478322711,-0.00621588648352654
"124",0.00209024634917078,0.00163346528068903,-0.00185271249718488
"125",-0.00176291913590271,0.00649905195803736,0.00325037102457711
"126",-0.00319936360044649,-0.00559162302130439,0.00372735446469995
"127",-0.000671946519056496,0.00374015381971489,-0.00190893642066925
"128",0.0161163396076932,-0.000505307293821798,-0.0255088625673714
"129",0.0118766759280056,-0.00624618064360293,0.00138794192881116
"130",0.00011909945139075,0.0026143889794684,0.00756011656895066
"131",0.00608041822440085,-0.00157868835105332,0.00800332409855031
"132",-0.0141220421639573,0.00153705766252642,-0.00301989664262415
"133",-0.00651139507071097,-0.0110973769160934,-0.00198366999274946
"134",0.00239588680797314,0.0227572465931258,-0.00707084423906583
"135",0.00900556957367637,0.00819362076045116,-0.000287145084645438
"136",-0.00182832768235486,0.0115599246973638,-0.0271852277953602
"137",-0.00970825477001963,-0.0133235990527319,-0.00304838309462688
"138",-0.00213064207226417,-0.00167709395116202,-0.0101601554276506
"139",0.00413400277992423,0.0120264180554688,-0.00916654347325975
"140",0.00382087499415047,0.0114269987514846,0.011219657117323
"141",0.00636514915605433,-0.015613390041271,0.00288777100520581
"142",-5.26306705202379e-05,0.00319946489984975,0.0195004269536854
"143",-0.00141244335024102,0.0232182557756577,0.00118626901955666
"144",-0.0163077330125419,-0.00182911616841976,0.00110185116926122
"145",-0.00102946891869212,0.00492825788209006,0.00861178139760587
"146",0.00317494585148091,0.0138188359070823,0.0059497464421368
"147",0.0045285225562094,0.00207968696474013,0.00112178692293061
"148",0.0114379552394236,0.000876186553951455,-0.00878511336206265
"149",0.00836756182660429,0.00275333806675246,-0.00918329576476413
"150",-0.012582514178871,0.00576889126566955,-0.00295005302796299
"151",0.00618587075835516,-0.00845856644627715,-0.0119841122119422
"152",0.00401294109181401,0.000344891438814746,-0.00677382979824812
"153",-0.00177804510530725,0.0125594423809709,0.00318142549789244
"154",0.00216197309112682,0.00171590929430558,-0.00102563377096343
"155",-0.00867635259129933,0.00321391087235202,-0.000633181528528131
"156",0.000934916568086967,0.0055313038076846,-0.00394536077475493
"157",0.000696336776568441,-0.00145310075023083,0.00633856750638038
"158",-0.0210965043002903,0.00370051846473027,-0.00219445378586392
"159",0.0117287793553385,-0.00234082611866462,-0.00270199532897104
"160",0.00133600796275119,0.0222927426041991,0.00286063738781418
"161",-0.0118857699511992,0.00134861758770197,-0.00377060266179428
"162",0.0112615105787432,0.00505770577632922,-0.00998949810620744
"163",0.00067108759918121,0.00917017439489304,0.0065392207747157
"164",0.00265260352478228,0.002868535411495,0.0047760004708872
"165",0.00142789457338459,0.00291358743700591,0.0142246672214377
"166",-0.00376160360053942,-0.0200316493670912,-0.00374066087194965
"167",-0.000969261622292289,-0.00189258196896305,-0.00390855761701339
"168",0.00608781387501511,-0.0037106816972509,-0.016804900289876
"169",-0.0072514514242108,-0.00370507885261818,0.0128223389016357
"170",0.0100477595337847,0.0158008293600318,-0.0151130100420516
"171",0.00262211053318378,-0.00395958545855132,-0.00592023649344442
"172",-0.00765195601485714,-0.00185188416804832,-0.00895250069896665
"173",-0.0053256179741506,-0.0121222772269373,0.0137378360429806
"174",0.0035385473081777,-0.000905610397601089,0.0141505349453481
"175",0.00249431321612199,0.000608586957403666,-0.00313962137467629
"176",0.0107719718718251,-0.00514789464272306,-0.0074167285551993
"177",0.00123914061431553,-0.00171869540786661,-0.012510616048704
"178",0.00320720338290628,-0.00757501586830771,0.0115234454954414
"179",-0.0213687261027157,-0.0028825250512489,-0.00207529186656562
"180",0.00552427025163358,-0.00655130009579575,0.00313641435109274
"181",-0.0104395355419229,-0.00805881016587972,-0.0129500774293571
"182",0.00643957981406579,-0.00908056780820558,-0.0235711623901504
"183",0.00103209335702809,-0.0136236676717791,0.00189272848900656
"184",-0.00179989204712683,-0.00139095473161962,0.0176276833385851
"185",0.00356444910945742,0.00600188748939168,-0.00144210322825442
"186",0.000432994179835575,-0.00285107806862698,0.00763240107322254
"187",-0.00878269610817393,-0.00872426003542993,-0.0141645409822184
"188",0.00459684942425198,0.00766678028721124,-0.0200166278795267
"189",-0.00279222074899078,0.0021174765238691,0.0093833289715535
"190",-0.00989982400119219,0.000466989549372303,0.00390543633185259
"191",0.00716423490021639,0.00393584268811644,-0.0182771109118691
"192",0.00101750249444182,0.0103477030225413,0.00647907450916742
"193",-0.00737192443858132,0.00358029876587391,0.00347366016690825
"194",-0.0153456593576316,-0.00926708934444754,0.00618970699823113
"195",-0.0115469008595113,-0.0129098081451421,0.00234122406837313
"196",0.00626088530822934,-0.000125290361801191,0.0103080045966653
"197",-0.0174564835293462,0.00829564827822134,-0.00135556353888832
"198",0.00797784287889376,0.00758366414501821,-0.00238588478594217
"199",-0.0246535624309716,-0.00600981503918944,0.0147975667509354
"200",-0.0179608011244584,0.0102190829855181,-0.0219977800035092
"201",-0.00214946714397312,-0.0081693038721239,0.0214911634054493
"202",0.0101828759740896,0.0183851783104477,0.00190745314279846
"203",0.000377094955361875,-0.00384620491421387,0.00408220900768686
"204",0.00504021382739328,0.00547847112561595,-0.0102551485267355
"205",-0.0154306036952003,-0.0175393670992652,-0.000489868569530095
"206",0.00913236705150934,-0.00369338736805738,-0.00333062240017147
"207",-0.00278235107599751,0.00697101627436106,0.0016949516977735
"208",0.00960478476832843,-0.000400096026122384,0.00705781437562659
"209",0.0137620465207097,0.0126680667838756,0.00669397380612284
"210",-0.00951439188126937,0.00610315064422162,-0.0169363408589606
"211",-0.0117295964225142,-0.00351330878247845,-0.00101016356222596
"212",-0.0083590673527645,0.0198203346588747,-0.000353062179692669
"213",-0.0122737072701207,-0.00124828729013519,-0.000356446912755303
"214",0.0066204660903954,0.0198427580396526,0.00648597739942409
"215",0.00741753111524472,0.00357001087905402,-0.0163806403006851
"216",0.00479051793252838,-0.00841000703786076,-0.00676111947131562
"217",-0.00752685311483383,-0.00699094152191561,-0.00824224847135899
"218",-0.00299327118681364,0.00571197891908502,0.00175749899937672
"219",-0.0026749687832912,-0.000924802460004262,-0.00247381877594263
"220",0.00544072887420057,-0.00280905952787664,0.00544961890761388
"221",0.00641295008855654,-0.0157022592859346,-0.00853204569331273
"222",-0.0045693742389572,-0.00629238359192735,-0.00435338900736476
"223",0.00898538126283194,-0.00925055249958084,0.00827753182354027
"224",-0.0154619736325116,-0.00384590310412389,0.00239031880479022
"225",0.00686513746754422,-0.0100099130307179,0.0174402391910909
"226",9.82918873264922e-05,-0.00886251988953378,0.002746477903695
"227",0.0135243471430825,0.00975811461088207,-0.0163896277056121
"228",0.00133708200443384,0.00591323765847101,0.00950341407774183
"229",0.00546864716238316,0.00994880111320187,-0.000728777746291289
"230",0.00138870930661351,0.00277263081873602,-0.00689306806633552
"231",0.00388699468155858,-0.00749056516937094,0.0192658659014077
"232",0.00309059101390637,-0.00640336690782246,0.0112711167299291
"233",-0.00560666116388203,-0.00318438492193999,-0.00266868606916988
"234",-0.0118800482474644,-0.000416206646730444,-0.0109093670947708
"235",-0.0117342024115828,0.00131738952106132,-0.00443819947912062
"236",0.00637561745811533,0.00451403836220312,-0.00213367967944806
"237",-0.00510037585167538,0.0110995279744463,0.0122260877532368
"238",0.00414592643087868,-0.00443236026739745,0.0211249344213314
"239",0.0123374383727261,-0.0185068803715202,0.00606643618713494
"240",0.00648281867564014,0.00648953485631131,0.00446613287979755
"241",0.0168278509192442,0.0206301462317483,-5.87441427668223e-05
"242",0.00873281790043951,-0.000159093598731787,-0.0037963206859815
"243",-0.000913658080404995,-0.00311830554026349,-0.00217271215290658
"244",0.0234091911203501,-0.00584326846982227,0.000867371694361312
"245",0.0056834024097563,0.0106313045267966,0.0170248298515973
"246",-0.0129675613123974,0.0229530283440462,-0.00763629654240893
"247",-0.00537072685645439,0.0115850582307777,0.00741447487677646
"248",-0.00945780295818373,0.00225367693082422,-0.020982760914525
"249",0.00380885503991106,-0.00308257479971414,-0.00830796497076264
"250",-0.00496830217191644,0.0148185669469073,-0.000421521507281588
"251",0.00504883967208464,-0.0148679260151841,0.000901494105938825
"252",0.000317095846567227,-0.00751624854876734,-0.00749469570007272
"253",0.00700361497904178,0.00459765355666223,-0.00539280211278967
"254",0.0118640567100822,0.00939959328969805,-0.0175260034344717
"255",0.00448468035929212,-0.0121902719354585,-0.00285148673171195
"256",0.0119982616354348,-0.0155232875504902,0.0111849891768787
"257",-0.0120207995095259,-0.00179112394119175,-0.000307996806209193
"258",0.0161698689633649,-0.00152947883630945,0.00391588377415348
"259",0.0142792721528925,0.0126899794857571,0.00249062289713651
"260",-0.00787057137877153,0.00434766389682486,0.0157287784839743
"261",0.000595554571937789,-0.0163204173814984,0.00827669025815958
"262",0.000116087046219204,-0.0132796900563282,0.00692243676192457
"263",0.00267037866524388,0.00283720086307135,0.0108865671369897
"264",0.00478902804635777,-0.000393675732819235,0.00444996630434372
"265",0.00434469713834844,-0.0121199327220855,0.00808028152030854
"266",0.00441765379673461,-0.0138665972211061,0.000926576146669556
"267",0.013844351326528,-0.00212517545101469,0.00982469529720778
"268",-0.00841265799993552,-0.00730389121437075,-0.00621559757377117
"269",0.00439844457983947,0.00445933925860484,0.00989247429305915
"270",-0.00716116471180662,-0.00749094988166854,-0.00968756404097374
"271",-0.00970960439587306,0.000723335212063374,0.00768697337687183
"272",-0.00136666367813085,-0.0187676335106612,0.00123467152108179
"273",-0.0177000246984688,0.014767621527076,-0.00103778683106281
"274",-0.00912415641735065,-0.00149809926155919,0.00260702412942595
"275",-0.0122377880764782,-0.000702822661979296,0.00140557031547704
"276",-0.00197783707954734,0.00179547069842773,0.00805479307421264
"277",0.0129668088656683,-0.010275690324064,0.00856953530536024
"278",-0.000539270175332011,0.0152852054371847,-0.0230333373866655
"279",-0.00209727914479615,-0.0117150690085138,0.0128953456165202
"280",-0.00678358709642365,0.000622159030969025,0.00364447979173643
"281",-0.009338767025965,0.0294353767358652,-0.00412010425942575
"282",-0.00658946904487717,-0.00926010390494363,-0.00239906622203962
"283",-0.000446099488869033,0.0151743128157802,0.0070785294193154
"284",0.0086027374636907,-0.00727495705783026,0.00406029045434227
"285",-0.010356054712967,-0.000308134895252686,-0.0116059385735135
"286",0.000404238112719178,-0.00404822854441812,-0.00794470689020274
"287",-0.00183681216548416,0.00640961651144304,-0.00444304620965473
"288",-0.00823000839322338,-0.019617707173552,0.000721586988228022
"289",-0.01791741411014,-0.00205352401651631,-0.0144071183276563
"290",0.0163268669514128,-0.00280520272817671,-0.00580772629481522
"291",-0.00331417179544448,0.00911552350702351,0.0180089985641826
"292",0.00385809938334745,0.0135668801981926,0.0142079103145046
"293",-0.0257031611194314,-0.00777133384736006,0.00580633232198417
"294",0.000577484234623593,-0.00202250578220576,-0.00377777744024037
"295",0.0138513616536657,0.0162436875340929,0.000632836891355063
"296",0.00886727387333566,-0.0081764996392846,-0.0137169375704038
"297",-0.0140251716226415,-0.005082514900138,0.00782931575533105
"298",0.013282046909042,-0.00305812957435083,-0.00494635448279153
"299",0.0020916523464806,0.00220132488972281,0.0216631994145207
"300",0.00136951829820795,-0.00526853483397134,-0.003870810860859
"301",-0.000884303013117172,-0.00298406114563177,0.0144403540802382
"302",0.00996457269173179,-0.00867564287455945,0.00641670791718806
"303",0.0121194189674595,0.00269760353077583,-0.0113761794358819
"304",0.0122028529272504,-0.00799702123404523,-0.00502344643888087
"305",-0.00364996986107182,0.00232912572862461,-0.0184564935994553
"306",-0.00429241030964288,0.009247772800347,0.00732765187402775
"307",-0.000471373888202225,-0.00598974596252414,0.00737943468806099
"308",-0.00678324516991158,-0.0216200205629717,-0.00262493463323119
"309",-0.000546813735314268,0.0112254316157772,0.00606815298329309
"310",-0.00178230711284592,-0.0125716951148144,-0.0194692091554596
"311",0.00741463104014707,0.00627642421203071,-0.00256774362296523
"312",0.00438308276345349,-0.00472773458473179,-0.000122952863674979
"313",-0.00574214883430781,-0.0180441149518275,-0.00370261709655611
"314",0.00146705914817082,0.0141192007041063,-0.0219887212556611
"315",-0.0228373602560262,0.00574270842247171,0.00151159622923732
"316",0.0127617650389707,-0.0122274395623734,0.00775564699045953
"317",0.00268213555403443,-0.00028481582173032,-0.0106072613590085
"318",-0.0172133355343523,-0.00532429399131548,-0.00684084729362449
"319",-0.00139990767481098,-0.0103781764274829,0.00194608335845547
"320",0.00164563270405219,0.00886389111997953,-0.00837628490294527
"321",-0.0107555829011507,-0.00375682524404805,0.0165493921367375
"322",0.0125795957463375,-0.00311028605631332,0.00296421192037177
"323",0.00738863090940742,0.00411294910474239,-0.00973183887996833
"324",0.0213048149380232,0.0110441218944723,-0.0182453636072886
"325",0.00386105224983182,0.00958142102146476,0.000928714109675954
"326",-0.00103175632713854,-0.00115160167917262,-0.00123929070801678
"327",0.0069256766621411,0.00869709382221819,0.00518721235729174
"328",0.0127241855238712,-0.00364260414109126,-0.0140548710667337
"329",-0.0167574033522778,0.0288659008808931,0.00399205187131248
"330",0.0145146008711341,0.0118003291028175,-0.00904112466913717
"331",-0.00435271452005673,0.0223601050205466,-0.00671211044817792
"332",0.00138514329737346,-0.00531612773863017,-0.00516221280075107
"333",-0.0192750389562903,-0.00497336988002647,0.013088611775098
"334",-0.00641684473520374,0.00315770939561869,0.00586203549209096
"335",-0.00177652619034043,-0.00851394195818785,-0.0158553795626912
"336",-0.00771478790972259,0.0183127246716215,0.0128647067505224
"337",-0.000503061469475557,0.00712130009939157,0.00395220244715816
"338",0.0140098468675226,-0.0120363627416466,0.00427144341225428
"339",-0.0057406462327763,-0.0124325553628682,0.0049197777885886
"340",0.0271172873757091,0.00586982816239633,0.0108848937308032
"341",0.015894182886235,0.0067584762237088,-0.00412571377257638
"342",-0.00922112485821197,0.00481334271964428,-0.000534289663964401
"343",-0.00885812788995122,-0.00161741347431259,-0.000573397365425855
"344",-0.00540823918316081,-0.0214980767260361,0.000813480464880179
"345",0.010340622611449,-0.00081759771573182,0.000958809660512233
"346",0.00273961443755156,-0.00929670552252052,-0.0061162554979443
"347",0.00900368599195836,0.00435451361512302,0.0101058468512624
"348",0.0176450691410632,-0.0262194635234249,-0.015338684967353
"349",-0.00172838678140463,0.000904809952299359,0.00493623534272224
"350",-0.0128078718844512,0.00348632301409142,0.0112520618998044
"351",-0.00544532819044968,-0.00314010524495424,0.00769625587447108
"352",0.00456390518831114,-0.0024001502491273,-0.00129778109553067
"353",-0.00730477422110136,-0.00168046420343987,0.0114125608253199
"354",-0.000721975350280762,-0.00106647128312518,0.00112140124718719
"355",0.0201056263588377,0.00684420203432028,-0.0064925350223563
"356",0.010410755230935,-0.00425698306483183,-0.0079825111900078
"357",-0.00132307917337198,0.0152297626430834,0.0119458873692689
"358",-0.00325031494524482,0.0233741493264402,-0.00423929589486821
"359",-0.00288227209091433,-0.00386510460357036,0.0216679356578255
"360",-0.0133897697446836,-0.0080824449134731,0.00736462049436782
"361",0.0109545784077689,-0.0116912882690396,0.0109730957328193
"362",-0.00425649693364594,0.0121992831709172,0.0104195968170255
"363",7.45339318887085e-05,-0.0088577227917103,6.28034358636354e-05
"364",0.0234715879221901,-0.00136859077237606,0.00953901090842561
"365",0.00526527914237699,0.0112482020276531,0.0125197621291954
"366",0.00471757937485552,-0.0146591392888995,-0.00236447818380592
"367",-0.00307776727247997,0.00194567286110647,0.00928199782803631
"368",-0.0220813458241522,-0.0191931354393393,-0.00291801634128716
"369",-0.000768043965691429,0.0174990085324924,0.00557905653957382
"370",-0.0233122175400649,0.00845964873317263,0.000341512130055065
"371",0.00388923667245173,0.00435302542251399,0.0041761311566964
"372",-0.00617059869311369,-0.00613599961085513,-0.0053875992131913
"373",0.00866950405048358,-0.00182204382898568,0.0243660828193646
"374",-0.00205999918105362,-0.00585185175900177,0.00654768531207293
"375",0.00360494987208542,-0.00593173512357279,0.00388157764338195
"376",-0.0119758234379696,-0.000126882039620276,-0.0223994539822334
"377",-0.00402363023716973,-0.020636056361204,0.00539846052580851
"378",0.00615518245083242,0.00795450271685406,-0.00810254550005129
"379",0.0142914429512701,-0.0100881052928316,0.00517038315796748
"380",0.000738581888822767,-0.00560068309411944,-0.00640350629568592
"381",0.00130004475089002,0.00266101694527632,-0.0159371786242119
"382",0.00973523098917006,0.00302013688254482,-0.010577345234229
"383",0.00125292675297175,-0.0103491876042952,0.00728475044629714
"384",0.0103028736958718,-0.00416997674966261,0.000586239933443187
"385",-0.00659568975865262,-0.00124415010723903,0.00979592624966693
"386",0.00107489623812783,0.0100623839915178,-0.00782501128161249
"387",0.0123164310639445,-0.000417840513308389,-0.00654869758187143
"388",-0.00103058202442155,0.00214362117760199,-0.00398359100144419
"389",-0.0188798064747565,0.00489780238084174,0.00618433138301315
"390",-0.0138422317728529,-0.00512374495751137,0.0134784400929595
"391",-0.0120504912679854,-0.00598699045859155,-0.0102326737988087
"392",0.0047410705775861,-0.0119298498580017,7.75414807472169e-05
"393",0.0149464797196842,-0.0127665219155506,0.0129221973120996
"394",0.00431710017486052,-0.00653400166730306,-0.000914424028740532
"395",0.014339077231388,-0.0010157009648887,0.00897540149323974
"396",-0.014970781510732,0.00848208651681318,-0.0099014022933572
"397",0.00449901651003948,-0.0021038676354046,-0.0104782835641788
"398",0.0188852345581437,-0.00678230907877595,-0.0113894273876243
"399",-0.00961805773847919,0.000794599907213446,-0.00324438066145289
"400",-0.0112601352598139,-0.00307633741832482,0.00711243395282285
"401",0.0111894556557127,-0.0129251233940625,-0.00565781950071076
"402",0.0073608686294904,-0.00470849594975219,0.00680811513237476
"403",-0.0120516968016186,0.00194351121963177,0.00779973770046316
"404",0.00611423339978338,-0.004534912130854,-0.0115962588214945
"405",0.0135023786505009,-0.0118119984980412,0.0226491240275259
"406",-0.0258430108418462,0.00236186532717667,0.021327909339363
"407",0.00242256526086136,-0.00300295733401163,-0.009786629546135
"408",-0.00561855492226159,-0.00712195857046308,0.0045754792019871
"409",-0.00769345973936796,0.021579119850996,0.0163870288644151
"410",-0.00724596793427709,0.0129169439136314,0.00103189342408098
"411",0.0019871832113694,0.0139210945643794,-0.00177522826931347
"412",-0.0105369322877853,0.000237635193565092,0.0108239978649753
"413",-0.00496684263048118,-0.00218594797477159,-0.0108327863416827
"414",-0.0185752658568571,-0.00658218422755838,-0.00635781084361424
"415",0.000197084088341639,0.0063822893128502,-0.0128222635051131
"416",-0.00646443649921674,-0.000216958528251149,0.00181502598959435
"417",-0.0218924410679144,-0.00865876300704162,-0.00293078379868369
"418",-0.00522249942284093,0.00193645407273811,-0.0130293453873885
"419",-0.00760904089594372,-0.014037865102108,-0.00951345087731683
"420",0.00356651454411811,-0.0043649052557321,-0.0200630228139966
"421",-0.00521170338707174,0.0237694332847294,-0.00456781712527899
"422",0.0174335677179981,0.0122936736026,-0.0113098868720707
"423",-0.00489899045156186,0.0135069796317859,0.00485128460908671
"424",0.000900718748417404,-0.00503402788150655,-0.0107966493123264
"425",-0.00354014261671533,-0.000787728044539634,-0.0126542812138967
"426",0.0141669930007508,-0.00707633393624441,0.0137198995270199
"427",0.0156652487645474,-0.00277143464362339,0.00772930781122303
"428",-0.0109465185485213,-0.00435560973732866,0.00617219030461335
"429",-0.00294218867989151,0.00201298765030626,0.0105252756414088
"430",-0.00497778613721686,0.00673701489123013,-0.00184666583066319
"431",-0.000317365180184003,-0.00612888236990393,-0.0201602333309489
"432",-0.000467584652827569,-0.000818324268575484,0.00303552849333113
"433",0.0039220153524911,0.00818844987098485,-0.00609068650677052
"434",-0.00138324741172911,0.0205526023799885,-0.00952224512868995
"435",-0.00319197796091031,0.00130134466085738,0.0107704129884297
"436",0.0135722115479872,-0.00154641894675278,-0.0070991427338519
"437",0.00453283112192071,0.0127117488065465,-0.00160760118032995
"438",0.020123082954773,0.0153349488875214,0.0189478644858704
"439",0.00691021299159377,-0.00966063857219035,-0.0261149045631081
"440",0.00462467190710761,0.00829887515387731,0.0202651966107336
"441",0.0209889357824869,0.000612504558447122,0.016535926085885
"442",-0.0151780268457845,-0.00996714842406884,0.00364760771024198
"443",-0.000588125592134698,-0.0220915101407583,0.0103098998215598
"444",-0.00552308850466771,0.0116301381794983,0.0133063295907777
"445",0.00847020100139922,0.0044545430018736,0.0125507613012148
"446",0.00122149144978782,-0.000556364643291457,-0.0178783540188897
"447",0.0132747825836416,0.0142184837092305,0.00277403368763911
"448",-0.00914456199895533,0.0145649344633508,-0.00241566825132647
"449",-0.00407606269231563,-0.00832798963425128,0.00588490937611826
"450",-0.0113199036043162,0.00593284341595898,-0.000420435759675901
"451",0.0075489580033889,0.00173477318862166,-0.0151594208689696
"452",-0.00199626691977268,0.00154679318693675,0.000957166833187218
"453",0.0133449055932149,0.00436043297662907,0.00258351055072984
"454",-0.0248106047213449,-0.00300047962744727,0.0103552756710153
"455",-0.000254093124809774,0.00197302764537176,0.00602876059423353
"456",-0.00880603612040431,0.0128719029427923,0.00381032120865626
"457",-0.0266876580775321,0.0040815562673166,-0.00134691323606579
"458",-0.0207949721509882,-0.015694355323823,0.00826398459370958
"459",0.0115545346962472,0.0197176488524144,0.00953620227342142
"460",0.00772084305105219,-0.00511654619465808,-0.0108479745824283
"461",0.000186528458166993,0.0167955472901692,-0.0132235474367091
"462",-0.00133475259318659,0.0042762783611666,-0.00596204797773924
"463",-0.00948844320701334,0.00465093571803331,-0.00493994802988691
"464",-0.0125647793972994,0.00733614762981399,0.00375389760902097
"465",-0.00063140583630785,0.00938829251733542,0.0070420345542915
"466",0.00102676003375762,0.00154517283429122,-0.00204906910018668
"467",0.012888291741408,-0.00494372085084164,-0.0104079535204743
"468",0.0118579595850218,0.0105226084080102,0.0112448446261493
"469",0.0051577123504834,0.0023688747397659,-0.00310805715704993
"470",0.00174646821458299,-0.00964080320208157,0.00153542063793096
"471",-0.0113565365278743,0.0122273145738915,0.00342407134546813
"472",-0.0102688357404202,0.0015978385021513,0.0110314142941946
"473",0.0114812587678342,-0.0102014834247345,0.00896377086422458
"474",0.000976865001606936,-0.0163610187392058,0.0141000181419929
"475",-0.00440992748113779,0.00444693648892458,0.00878999982405719
"476",-0.006001672103677,0.00197428853699167,0.00704165587523464
"477",-0.00527446148339327,0.00342912567253342,0.00489594880589078
"478",-0.0134632743046303,0.00550209926011399,-0.00881958566391875
"479",0.0140819483693056,-0.00729342500984702,-0.00871517369344245
"480",0.00201174570921099,-0.00336740455534148,-0.000569680786064896
"481",-0.0281642728351215,-0.0021193491778992,-0.025454715164473
"482",-0.0196026897888461,-0.0200618936029961,-0.00013119313860621
"483",0.0240050722745438,-0.0253513901638132,0.0146111208510843
"484",-0.0160075374348988,-0.00951174295724392,0.0150477004483527
"485",0.00487075736739066,0.00429528539412176,-0.00418977094749646
"486",-0.00135985568454528,-0.00870343567449097,0.00936156470728707
"487",-0.0017067519244601,-0.0110148445774953,-0.000455045799181324
"488",0.00840736481683467,-0.0147762121710891,-0.0126441073256371
"489",0.0287994416909098,-0.00790301670436442,0.0194455267692378
"490",-0.00726828859809535,-0.0158453334500089,-0.00350037723711905
"491",0.01631708351055,-0.00353421651066128,0.02672663775295
"492",0.00603019226665342,0.00749422199570902,-0.00107237808693888
"493",0.00394911520220331,0.000959767502279152,-0.0128594399881609
"494",0.00993942767388343,0.0178012049257435,0.0126964336660714
"495",0.0015457819770862,-0.00664120788864513,-0.00253080294559571
"496",0.00412530482726262,-0.0152334584550782,-0.00513208777786888
"497",0.0197026285354564,-0.00604352541085975,0.0110712249524162
"498",0.000790372139507842,0.00677196078495475,0.0108361090504149
"499",0.014041823388205,-0.000311450574383511,0.00144010674003203
"500",0.00644410234053636,0.0183602712664271,-0.0207470081909584
"501",-0.00214324231584923,0.00897776452699932,0.000407498201621326
"502",-0.00176659406178523,-0.0174321112454235,0.00401044392468736
"503",0.0133341298755754,0.00843944742537544,0.0197747627596456
"504",0.00346345605698694,0.0235139253218218,0.0137340087962957
"505",-0.00110911272771886,-0.0041738599535568,0.0179671560793552
"506",0.00374537786065119,-0.0085402341669583,-0.0153837251867959
"507",-0.00864871856667533,0.0199234428693448,0.0037950413043511
"508",0.0017061754104083,0.0042179454345496,0.00932290627752398
"509",0.0116724675046719,-0.0106347320421255,-0.0201403758075789
"510",-0.00337850890140981,0.000494535757189883,-0.0242341527569651
"511",0.0276390040548326,-0.0103837755888306,0.0110237207015792
"512",0.00116031922420156,-0.0116908179082101,-0.00475573756889244
"513",-0.00054603513603001,-0.0267464812033444,-0.00876775550519179
"514",-0.000407909552870681,-0.00854782485735746,0.0153580007458669
"515",-0.00338220321998579,0.00317615195781823,0.00562633909688874
"516",0.0112368655898969,-0.00448451818065586,0.0117775030817225
"517",0.00881740619256627,-0.000970333191208614,0.0207883233150991
"518",-0.00494564220482042,0.0039149687662309,0.00771936565649513
"519",0.00696506427499569,-0.029394938437202,-0.00838460090640672
"520",-0.00326187523272183,0.00494459877238835,-0.00745120360100694
"521",0.000927368601402773,0.0069645305789934,-0.0198491054240443
"522",-0.0251746085290039,0.0133399081267256,0.0116139485747534
"523",0.0115665934005934,-0.000241136639557791,0.00745784588602491
"524",-0.00106351414554601,-0.0116620621444689,-0.00973224193650738
"525",-0.000573284681099786,-0.000357912599594631,0.00733981609241349
"526",-0.0171346184280008,0.0158117472470526,-0.0112981159138649
"527",0.0226027822606971,-0.000345222538374478,0.0138025472653926
"528",0.0155746052842459,-0.00493171366876549,0.00828240590897536
"529",0.00642498383508254,-0.0161409150290686,0.0017181466796725
"530",0.00107648284215564,0.0157501197404156,0.0104818368278718
"531",0.0142579160169272,-0.0143633193272197,0.00861960600302449
"532",0.0105128786706954,-0.0119630022142327,-0.00480462570965657
"533",0.0173188128798579,0.00227533068362775,-0.00829588315946091
"534",-0.0208675553841298,-0.00159151649208184,-0.00152908336366563
"535",0.0315977516069978,0.00693647918315767,-0.00976106514998953
"536",0.00682968865098517,0.0183515544881703,-0.0111736442336709
"537",0.00848259961299992,0.0327569182415583,-0.0177604054090477
"538",0.0230093528116713,0.0152175038847969,0.00138757333501571
"539",-0.00621108405562308,0.00141264389279084,-0.00525906594796551
"540",-0.00547982265722414,-0.00634086510691366,0.00123221788291673
"541",-0.0019797759832797,0.00845228601647075,0.0123016504146327
"542",-0.00193600884156915,0.0129264932316759,0.00110880814798193
"543",-0.0102183361113772,0.000453260734657685,-0.0106446924920038
"544",-0.00241877673541145,-0.0151638705567208,0.0039024869511356
"545",-0.0121061061424083,0.0137636278286491,-0.00801597234658097
"546",0.00505591297530731,0.0132134474823856,-0.0012535620925715
"547",0.000571655756200545,-0.00111809725523757,-0.00860103509914325
"548",0.0124957913532725,-0.0091344641348892,0.00877370284018679
"549",-0.00159046741093408,-0.0126356367597249,0.0149493588036621
"550",0.00953090930517553,0.00625148207774018,0.00128386904039337
"551",-0.00285774368660929,-0.000847827367138344,0.00439031254254042
"552",0.0064230072904897,-0.0103103168647447,0.00648516720995079
"553",-0.00496304490404287,0.0166934495653056,-0.0182282552017964
"554",-0.00128532977418,-0.0107517755341365,0.00935767083812604
"555",0.00328894848213884,-0.00245639339026692,-0.00191872990770928
"556",-0.0125081394216647,-0.01017905926092,0.00306758643197825
"557",0.00162479929282687,0.00965102880880955,-0.00753603532763621
"558",-0.000909807092520166,-0.000891233107848314,0.00655260491687986
"559",0.00992151539386428,0.00833824463269201,0.0101839199352546
"560",0.00163003962707108,-0.000267261998441665,-0.000355308767424215
"561",0.00405567969579244,-0.00207652596383044,-0.00225243964813642
"562",0.00329029075476238,0.031824052936213,-0.00431249179254656
"563",0.00433282018202101,0.011152729767417,0.00539042275968718
"564",-0.0064783071001763,-0.00697473190394333,-0.000564641487855747
"565",-0.0122717403466013,0.0103236163783179,-0.00186653361012741
"566",0.00874871909698308,0.00500328783191717,0.012401188072452
"567",-0.0119355974495839,0.00778127456454342,0.0249357744773196
"568",-0.0118522994155753,-0.00836044745879064,0.00132066476074265
"569",-0.00953711068340734,-0.00319540929758094,0.0102812229432799
"570",0.00385932330936138,0.0122918080369631,-0.00961946833205076
"571",0.0120656225067143,-0.000364322024300917,0.00112775055582961
"572",-0.017574422499411,-0.00172790034202533,0.0027779726295805
"573",-0.00197879300535836,0.00711237027864316,-0.0102988905350587
"574",-8.92489982180682e-05,-0.0045302695799848,-0.00887374449402871
"575",0.00998963622945816,-0.0114200055417948,-0.0124164766725558
"576",0.00601588932323244,-0.0209116064137059,0.011567665340213
"577",0.00285954457570445,0.017741151611145,0.0159843466713023
"578",0.0147640141358239,0.00788084139615032,-0.00467841077085895
"579",-0.00865764996084734,0.00803889034661251,-0.0172227123214398
"580",-0.00817355986541205,-0.00712269636784085,-0.0272923845439046
"581",-0.00388941103008696,0.000332961056410948,-0.016500085217093
"582",0.0109176849344996,-0.017657746158979,-0.0103429417828126
"583",0.00416062941243272,0.00997718632577677,0.00241788828092002
"584",0.00126346036752815,0.00388486194243117,0.00674616912392466
"585",0.0155401940002249,-0.00150678030652705,-0.00297377932883412
"586",0.0115616390531322,0.00844566006100505,8.2297683428549e-05
"587",-0.00970302391058221,0.0110585880364333,0.0128899932632378
"588",-0.00205975823132663,-0.00424056310468325,-0.000659286016070446
"589",0.00915675762337391,0.000894275543654983,-0.0129048006995421
"590",-0.0103297341971414,-0.0109652246245055,7.75357054996303e-05
"591",-0.00489019330132089,0.00393126494290445,-0.00251329346916981
"592",0.017454333694837,0.0138957527788386,0.00981071829624324
"593",0.025910509960418,0.00657164738127578,-0.0112650568306156
"594",0.00400706845887836,-0.0147563813474844,0.000776466463001892
"595",-0.00791850653817657,-0.0131638304529311,0.00363477352415865
"596",0.0062577299196887,0.00576728914270467,0.00511071058143029
"597",-0.0104691522350162,0.00231734437809725,0.0148111202823381
"598",0.00581836372865181,0.000197682660166872,-0.00438381234847601
"599",0.0104716900932275,0.0138050442597822,0.00589637347372976
"600",0.0114528057980167,0.00711998103905358,-0.00102579484070772
"601",-0.0129734258584128,-0.0082074367383752,0.00534341483080952
"602",-0.00119236059522208,0.0117935469978793,-0.000224259445842364
"603",-0.00833298133693634,0.00879328879017007,2.10833958741772e-06
"604",0.0190667565305169,-0.00419203676034943,-0.0021019405563011
"605",0.0110996585437413,-0.00881552281885032,0.00221582381811595
"606",-0.00407590617671778,0.00803990202676071,0.0105435060065684
"607",-0.0145463087829479,-0.00233515288705126,0.0149771878516255
"608",-0.00625259587376344,0.00395383280649912,0.0147902228128093
"609",0.00941684305275271,0.00776068214365626,0.00396889860878736
"610",0.00614344005642679,0.00187618591448339,-0.00347218265304013
"611",0.00459406877762317,-0.00464830544049395,-0.0173701095513794
"612",0.00427141425915356,-0.00912588392262947,-0.000355392268902034
"613",0.00449748120912372,0.0243154529137191,0.00610869841010494
"614",0.0034074795730601,0.00422299322012823,-0.00499006242283802
"615",0.0129210996489306,-0.00591916684868147,0.000819083124487893
"616",-0.0158515649354131,-0.00538591487740086,-0.0144923648449764
"617",-0.00708069327606172,-0.00472086188553202,0.00215646876670991
"618",0.00658022566870545,-0.00184022859374041,0.00673463832067699
"619",-0.00490416111327727,-0.000268545356078268,-0.015135988360213
"620",-0.0169256789716762,0.00880019117092428,-0.00499581878573136
"621",0.00408153665720494,0.0232929927732492,-0.00635673110675225
"622",0.0127081321290599,0.00726860585725825,0.00456495282011183
"623",0.0054983694664692,-0.0208596732454296,-8.18365435561205e-05
"624",-0.00167418405136067,-0.0138896615578696,0.00310716229628032
"625",-0.0127582880853467,0.0249634262844409,0.0133054073908094
"626",-0.00162458768393777,0.00028132099067157,-0.00333705106730285
"627",-0.0132958357270196,0.0117766618823048,0.00177802183191146
"628",-0.0361902224020463,-0.0147100115589398,0.0139994858991763
"629",-0.00060514998702077,-0.000572447720267897,0.0119137162947194
"630",-0.00752771782968285,-0.00470998390171596,0.014061132865435
"631",0.0136387438362546,0.00215438629223455,0.0106315783504155
"632",-0.00528874944983688,-0.00902061208559277,-0.00839393078174668
"633",0.0154679493575623,-0.00627142255168265,0.00876436793655914
"634",-0.00237936745558441,0.0177815370589459,-0.0143248950851103
"635",0.00110226509809133,-0.00257087846433786,0.00486593005089694
"636",0.000646981222745107,-0.0071481746074081,0.00492254889881578
"637",-0.0140947836594344,-0.00297278687540397,0.0197171297365512
"638",0.00219387899573047,-0.00324096024556738,-0.024940257823439
"639",-0.0137909252035086,0.00264277252613633,0.0122542441823451
"640",0.0117939766078027,0.00116307475507852,0.0153022975288429
"641",-0.0183444815878197,0.00496504367592395,0.0236784879474614
"642",4.58737207446258e-05,0.00397959663807144,0.00593643555519113
"643",-0.00608369355471437,-0.00819239011203569,-0.000555160608843686
"644",-0.00897084621755906,0.00340760879713554,-0.0150590757986055
"645",0.00773986253120035,-0.00791743755908644,-0.0170839847830359
"646",0.022040181119612,0.0154676910830595,0.0204014173175059
"647",-0.0131112582138599,-0.0168349802649992,-0.00127356943999518
"648",-0.00279178549996599,0.00731793621697961,-0.0119287385617363
"649",0.0057459210010346,-0.0119507891219229,0.00172277608437743
"650",0.00179426013300795,-0.00535048124829325,0.0104146864964461
"651",-0.0199298052036713,-0.0060049420666669,0.00137382938877014
"652",0.00647882337814653,-0.0107738485225326,-0.00292204388429474
"653",-0.00130072059796967,-0.00464935379578329,0.00646500963750925
"654",-0.0154585734047756,0.0200272994392177,0.00621384641091079
"655",0.0148946676669195,-0.0107320287241428,-0.011699730595028
"656",0.00220479065855046,0.018293022186451,-0.00312041203877326
"657",-0.0076792241792361,0.00555380559131268,-0.00690409408508307
"658",-0.00658908917274612,0.00018620796720718,-0.0107615278850068
"659",0.00845138679632989,0.0123719846131672,-0.0107942553973276
"660",-0.0042953648570525,0.00571106927897064,-0.00976295821956561
"661",-0.00543318358264719,-0.000413153307190879,0.00122256511510407
"662",0.000455026522389405,-0.0146809743368337,0.00181610818643094
"663",0.00999662239234504,0.0039446810277864,0.0109810702262043
"664",0.00344657501354465,0.0151024439368205,0.00994353876024878
"665",-0.0135320523012173,-1.29771949135094e-05,0.00943659328008826
"666",-0.0143240092592212,-0.00113201638966414,-0.00744668024210457
"667",-0.0170546404008892,-0.0181646818469233,0.0233759412285874
"668",0.00963112485570653,0.0119304834790306,0.00339943484800224
"669",-0.00620843650103127,-0.00982412449551331,-0.018443999162621
"670",-0.00622673901065366,-0.0122752032979537,-0.0127678928722212
"671",-0.00644752009792327,0.0139953840276117,0.00574068497551477
"672",-0.00586594766338411,-0.0148340076026307,-0.0133786061750489
"673",0.000314661169720309,0.00167509184930506,-0.000873701709833892
"674",0.0125780962392265,0.00479508868598332,0.00117709345734567
"675",0.0116698259833371,-0.00873344229916012,-0.00867130273283552
"676",0.00408477102467054,0.0142227210591515,-0.000261016483777933
"677",-0.0170239527200468,0.000565733255190007,-0.0103602397808499
"678",-0.00739290796862555,0.0081195773051376,-0.0118523820119332
"679",0.000858055981380114,0.000194756481694485,0.0196043829047662
"680",-0.00264938990204589,-0.0092856853421262,-0.00061395352448425
"681",7.45154927123182e-05,0.0194008539527672,0.0045666157058239
"682",-0.00436440571245843,-0.0113118171855182,0.0109522542442423
"683",-0.000190262693465948,0.00111393486764072,-0.00710315787967011
"684",0.0016205468372581,-0.0115200438561509,-0.0119878513029592
"685",0.00911201213075522,-0.0066550470101939,0.00177081076353495
"686",-0.00914190813394521,0.0043316147699317,-0.00779184758689456
"687",-0.00101400399163619,-0.00797181264769292,0.00691059528455136
"688",7.39834167454977e-05,-0.0078781975560155,0.000718021232114558
"689",-0.00112300019835751,-0.0178814125071574,0.00688250604837936
"690",-0.00439064776066007,0.00912257114373781,-0.00500734292938772
"691",0.00431511995047173,0.00687928179523906,0.00262899569442316
"692",0.00163436546915551,0.00105706420396556,-0.00335453952143564
"693",-0.0052412731667012,-0.0167720609730479,-0.0145195362187983
"694",-0.00188845907007262,-0.0099041418479823,0.00218730732236864
"695",0.0356215038839715,-0.0027753995911946,0.0103318331216857
"696",-0.0111152951906,0.000865736520152808,0.00739618803208012
"697",-0.000278613573668059,0.0181020223904718,-0.000366844255707548
"698",0.0168954029790607,-0.00607475383354382,0.0118490840609369
"699",-0.00056506491285265,-0.00408070873789875,0.00563647116414083
"700",-0.00430786806986958,-0.00304301918337793,0.0128365768284954
"701",0.00788062471720047,0.0139614331925391,-0.00547894780371436
"702",0.0122124789039557,0.001625788182363,-0.00599262904476574
"703",0.0132264679071495,-0.00441419159601759,0.0165020291917582
"704",-0.00521562587811588,-0.00546868905236351,-0.0114885065475606
"705",0.0110244096795558,-0.00678269509036447,-0.0290121068362101
"706",0.0123733304764121,-0.0172215289211816,0.00694391379677505
"707",-0.000388842048619103,-0.00591666664485291,-0.000429154475341138
"708",-0.0085079850793951,0.00294579650766599,0.000516697082970916
"709",0.00990785643077309,0.0110315474080955,0.00740002563501
"710",-0.00390185832471573,-0.0200041388182636,0.0102283670909972
"711",-0.00895069510176726,-0.0144817047519919,0.0162308164771806
"712",-0.00412265217914039,-0.01424415192963,0.00129918283449661
"713",0.00896542780536848,-0.00721941511045559,-0.00956212312528217
"714",-0.00477739024347328,-0.00432313765874501,-0.027571665021643
"715",-0.00843250296816765,-0.0196232855613175,-0.00888742263436588
"716",0.0100454323748205,0.00186790945411233,-0.000986340927598691
"717",0.0113176026297969,-0.00716045091174726,-0.00489173470431028
"718",0.00839497557641006,-0.00054643817127874,-0.0123101398505167
"719",0.00686579408116921,0.00745528013037778,-0.0233190783181473
"720",-0.00297034765376444,0.00570710359700939,-0.00891077798008917
"721",-0.00501856556862638,0.0099358017789889,-0.010693587604036
"722",0.00028040182874522,0.0121522538221408,0.00410589512286345
"723",0.00301266636653188,-0.0117927724838353,-0.0122811351240085
"724",0.0178073397334864,-0.0157858606976551,0.0167209713740684
"725",-0.0104116557202065,0.00145898650827123,0.0135897075765978
"726",-0.00151024187232607,-0.00928995193821813,0.00395995499759677
"727",0.00982091949128564,-0.0115273472807683,0.00823262929497747
"728",-0.0124792911836921,0.015689724797211,-0.00878413476254552
"729",0.011811703279679,-0.00099818949302709,-0.00594807390094708
"730",0.00473465787748704,0.00776232862361073,-0.00098990772404113
"731",-0.0104552214860426,0.00173537980002038,0.00645629893993202
"732",-0.00644109583774063,0.00565473317276088,-0.00287260505051314
"733",-0.00270812970516341,-0.00194530577105035,0.00511874178553816
"734",0.000999261585843432,-0.00757095465805103,0.00498344983871322
"735",-0.00420588833971712,0.0067342998320503,-0.00307438195922189
"736",-0.00365605879895358,-0.00858650083249697,-0.0183871472141558
"737",-0.00899819364955408,0.00755446259970128,-0.00867335569562006
"738",-0.0123127761641604,-0.0145184072790071,0.00117191747475773
"739",0.00310419884464522,0.0165253029945503,-0.00337075373238058
"740",0.00614998745578143,0.0253188665955438,0.00166030262995377
"741",0.00101716828714845,-0.00983698837959481,0.00690036942430194
"742",-0.0144673716896463,-0.00501707276744855,0.0057996199176397
"743",-0.0104234538139503,-0.00119271608581941,-0.00532954485548611
"744",0.00441066997156751,-0.00327155645664456,0.000334712945281196
"745",0.0171533258165666,0.00815822394138471,0.00757131601475385
"746",-0.0107488059340536,-0.027387903117463,0.000770252512740036
"747",0.015183225544033,-0.0094750107358024,0.0184762698856405
"748",-0.00801857861790762,0.0291026017778577,-0.0134341695606649
"749",0.0204366353519259,-0.00793827271845233,-0.00310247087324757
"750",-0.00947048986922946,-0.0219304628443983,-0.0104882656052437
"751",-0.00333936447532338,-0.00364121536224829,0.00447699757595116
"752",-0.0104089563116058,-0.00620994118176343,-0.00113731817303696
"753",-0.0164579464036995,-0.0135833447067189,-0.0146627506799244
"754",0.00822275293261294,0.00619422549621095,0.0114405793556314
"755",0.00406965553074659,-0.013853549670169,0.0182255344172963
"756",-0.0124753977320639,-0.00290970855939601,0.00480959993307766
"757",0.000918452014687731,-0.00826125075212429,-0.00293794826014071
"758",0.00609999185626761,0.00416198893307762,-0.00708175761543633
"759",0.00726459194544648,0.00265030844675189,-0.00138555291252304
"760",0.00653583734992764,0.00840427543758011,0.00505967655931647
"761",-0.00103499464425922,0.00523081136650732,-0.0101009938826349
"762",0.00555794118651918,-0.00204516313247984,-0.00400992640488565
"763",0.0123272332053949,-0.00576003004670619,0.0221290235511064
"764",0.00252131908666536,0.00588318574469271,-0.0015785906725481
"765",-0.0118345752236767,-0.00323004662951388,-0.0271439268965945
"766",0.00716734599979141,0.00616808011872757,0.00571808548528956
"767",-0.0233708890669706,-0.00749548367666986,0.0154620326332576
"768",0.0119396189307375,0.00667377602953093,0.00254342168826281
"769",0.0128754219470955,-0.00323628501298377,0.00506360750804183
"770",-0.00847042504370165,-0.0210155222546904,0.0104457204330457
"771",0.00365953393651111,-0.00875885589488082,-0.00805825386381764
"772",0.00539890928362975,0.00710530488027053,0.00824704913004343
"773",-0.0106714046575754,-0.00222444853833325,-0.00443373087357486
"774",-0.0136334788522802,0.000858186391308792,0.00974464396181686
"775",0.0248114546681423,0.00503510199284577,0.00776820785849776
"776",-0.000567610309898489,-0.000456157430290146,0.00111678862981315
"777",-0.0145173297842203,0.0114684245973295,0.00394101096619535
"778",0.00808760795806098,-0.0270159818071073,0.00437115832269598
"779",-0.000308586538421295,0.00544570121286117,0.00350460810692692
"780",0.00689989076097642,-0.00780255439803331,-0.0126899949077186
"781",0.0088878052546496,0.0113145849311645,-0.0090646357864606
"782",0.00227793873401011,0.00530499958051822,0.00369705121244283
"783",-0.0151412540026903,0.00405539628518663,-0.0117612360119582
"784",-0.0143959158437571,-0.0096973827002518,0.0068905143662305
"785",-0.00357542168591048,0.0108584042586111,-0.0186224148885631
"786",0.0108349617285062,-0.000942397202952701,-0.00542334620401728
"787",-0.00445379986904755,0.0128601580581849,-0.0127557551478625
"788",-0.00216808940866974,0.0018825693455053,0.0164770984284209
"789",0.00035807372273332,-0.00775950713993729,0.0108268238213493
"790",-0.00696910700004385,-0.00783042640351968,-0.0111154642839408
"791",-0.00334993393774878,-0.0207699832100967,-0.0184455180122059
"792",-0.00641676037848759,0.0169248740006109,-0.00720317915211849
"793",0.000636338600789329,-0.01283438463652,0.00527854288633191
"794",-0.00137276161571748,-0.0177372901717838,-0.00224475515947839
"795",0.0138379396976272,0.00230193888375184,-0.00132875053769296
"796",0.010132530570294,-3.6760380706344e-05,-0.000203858408180372
"797",-0.00588055374596552,-0.0273895619557388,-0.00962843929667692
"798",0.00443430484321664,0.00294992390388895,0.0127455294539281
"799",0.0219232549596618,0.0036421553772493,-0.000368803666902914
"800",-0.0067909678691046,-0.0132533476756563,0.00337926489285909
"801",-0.00338844934307789,0.00731981347581564,0.00599049585617609
"802",-0.00532460232593219,0.00587412939613833,0.00347931653867283
"803",-0.019326089591804,0.00581445794535678,-0.0133874257359326
"804",0.00245651930336811,-0.0111294652273965,0.002915545999894
"805",0.00544127688312466,0.00539844298062402,0.00285487925320191
"806",-0.000174805202833553,0.00820512184924721,0.0155780721340757
"807",0.0176694691821261,0.0041808871043587,-0.010066004787735
"808",0.0103730437567908,0.0138963387854354,-0.010909775095371
"809",0.000953332582684407,0.002123878283326,-0.000495757018524197
"810",0.00378981795785004,0.0129152814241824,0.00997286080558169
"811",-0.00548887584832209,0.00420222231999999,-0.000893207624664374
"812",-0.0145639319644714,0.0101634001999659,-0.00375483134861699
"813",-0.00382752093598423,-0.0249900155696183,0.00304711898651494
"814",-0.00512397257243343,-0.0277402749283792,-0.000213755358959441
"815",0.00460463052509033,-0.013533621983034,-0.00974541692303467
"816",0.0105475526637301,0.0128513126147145,-0.00630537101506755
"817",-0.00737166660505921,0.00418297775085414,0.00423371706660669
"818",-0.00484624321556838,0.0216564212896255,-0.0123564027077417
"819",-0.00580001908342724,-0.00692256407070409,-0.00716442147194934
"820",0.00786631450428761,-0.0323570205372645,-0.0115500935342399
"821",0.00336298522089426,0.00849527143385173,0.00392899677829153
"822",-0.000879580921725583,-0.000269419776078866,-0.014722559078361
"823",0.00799764974853089,0.00629636309143223,0.00328530594795865
"824",-0.00941102390697781,-0.0159384806337039,-0.000515116162083382
"825",0.000665362350506793,-0.0181503822041976,-0.00902822253368524
"826",0.00178373714490539,0.00827135354148898,0.010390003842348
"827",-0.020941655201347,0.0143056095052871,-0.00437394672449209
"828",-0.00719917417377979,0.0133800985751239,-0.00119598283701311
"829",0.0140817801827747,-0.00101427997178473,0.000914798104240443
"830",0.0260619865165439,-0.00693553306064278,0.00907340211592019
"831",0.00664785454258406,0.0200950644292032,-0.0029623121143804
"832",0.0214704148519684,0.015070405908874,-0.0152033750301929
"833",0.00408545726199412,0.00252262989894438,0.00153985069087153
"834",-0.000725909401859679,-0.00226561184605768,-0.00524886955347254
"835",-0.0145535718236274,-0.0100529946227475,0.0126580093830229
"836",0.00870836659965669,-0.000739191273259742,0.0117761373817162
"837",0.00305944455617526,0.00828421724615514,-0.00586250396170898
"838",0.00339688140351076,0.0177814125415909,0.0216177033752272
"839",0.00448402500498171,0.00326162132132355,8.14102731349832e-05
"840",0.0118165709831322,-0.0075006147258039,0.00570588061742133
"841",0.0163242906513063,0.00732887419500897,-0.00119844984093404
"842",0.00965042776710237,0.00250725455371245,-0.00853910372668643
"843",0.00985467129968909,0.00242622331825569,-0.00137693832272395
"844",0.00263296025207012,-0.0123000650086636,0.00961964468150071
"845",0.013673991561912,0.000174333664826736,-0.00534045885154742
"846",0.0205059931223784,0.0166836494777161,-0.020259533924295
"847",0.0102573912443556,0.00404806475381889,0.0149267509472342
"848",-0.00217418301581,0.00565396065795012,0.0131564310400504
"849",0.00429792742055255,0.0134231464953159,0.000987555975034553
"850",0.0141147773806918,0.00418321342228757,-0.00468550932825402
"851",0.00258580881031602,0.0143890576395883,-0.00549764900556596
"852",-0.0107424218762974,0.00446377803812154,-0.0131808817733572
"853",-0.00958363784429931,-0.0233525201316904,-0.00575841356440634
"854",0.0141053826128485,-0.00563239747622554,-0.00619813528323225
"855",0.0015382343953532,0.00527813225651763,-0.00510748362996808
"856",0.0178473489215267,-0.00413798470646964,-0.00264531847932042
"857",-0.000630171337593467,0.00380620750070281,0.0247131173921867
"858",-0.00389584191858477,0.0172072762314513,0.00985255131403208
"859",-0.000144671687852504,-0.0125276426617357,0.00897705157114302
"860",-0.0049100621161917,0.000873008476310808,0.0014386436354816
"861",-0.00327090959565001,-0.0119006336655264,-0.010246739023295
"862",0.0108367602943698,-0.0165622526403938,0.00588241821915227
"863",0.00331086308786839,0.010182598563356,-0.00237457758292293
"864",-0.0377146537090346,0.0146846406310712,0.0150899379071102
"865",-0.00380729015691975,-0.00511510133363913,-0.0110529983520579
"866",0.00895858384020153,-0.00642692310334367,0.00584495930789894
"867",0.00276560233050603,0.00325048286007712,0.00223759555788059
"868",-0.00996242381580146,0.00947240071948945,0.00382816460662909
"869",-0.00414734597731063,-0.0128293633453239,0.00581310997496081
"870",-0.0023434111867059,0.0242455030081176,-0.0124046922665053
"871",0.00329472787215298,-0.000169333890025102,-0.0137144056755744
"872",0.00845448005405382,0.00186321678236278,0.0185988080123148
"873",-0.00192592788700141,-0.00035288965864248,-0.0119036130537081
"874",0.0131446344447001,-0.0275258963689789,0.0024278166421795
"875",-0.0073444856875406,0.00744769752778073,0.00709155217009352
"876",-0.00547825809897217,-0.00229578981981029,-0.00230827136554461
"877",-0.00324114855662031,0.00105313526962015,-0.00414265243899241
"878",-0.00228828402188967,0.000144676202319934,-0.0160399960764702
"879",0.0100313818809283,0.00591323369640663,-0.00575503793161875
"880",1.17047737768716e-05,-0.00911517170872453,-0.00596201116895043
"881",-0.00402046919144738,0.00352526723953995,0.000230440613717167
"882",0.000901582353772837,0.00616649748523026,0.000793456065299864
"883",-0.0011989758802843,0.0118403896201747,-0.000875801970042028
"884",-0.0101598756616058,0.00349329909138092,-0.00997516056654014
"885",0.00322924798668737,-0.00666015409793751,-0.025273580158956
"886",0.00108676688340898,-0.00206015338248893,-0.00234916078512712
"887",0.019785854348213,-0.0039502184232767,0.00199599352982865
"888",0.00750690063398333,-0.0181827513726636,0.0095258025230152
"889",-0.00363637748858625,-0.0133912039456591,-0.000272441688557291
"890",0.000367853638122548,-0.00308203775157545,0.00789845740358426
"891",-0.0073726529682081,0.00690687826795989,-0.00709066906239092
"892",-0.0113675018748525,-0.00744910465104519,-0.024077794720481
"893",-0.0111202333911767,0.0038326378986838,0.000748372662851222
"894",-0.00550669616681366,0.0100621279380101,0.00369706428851714
"895",0.00280216235162257,5.86469898925508e-05,-0.0148636604544566
"896",0.0165595221899592,-0.00125823128455241,-0.0155418172528775
"897",0.0238005096455395,-0.0074131460600609,0.00397982567560627
"898",-0.00780795541831562,0.0016995221478113,-0.00237612832497957
"899",0.0029292033329785,-0.00218495155760678,-0.00733514061213438
"900",-0.0131857784008197,-0.0207850641334134,-0.00647468694390332
"901",-0.0192944631145257,0.00141796647793438,-0.00295261132547192
"902",-0.0214217656857797,-0.000686456152386605,0.00591532541746229
"903",0.0155988736964051,-0.013281325449436,0.000268159413186959
"904",-0.00684382022569886,0.0277067018459192,0.00145813588827574
"905",0.0065333249004359,0.00206935164363377,-0.00575001074491258
"906",0.00756387988078918,-0.00648404748359098,-0.031351264925341
"907",0.00572074199377508,0.000810112388657925,0.00488932098338961
"908",-0.00649817198218782,0.0154503559091525,-0.000935943408775536
"909",-0.0139993056805051,0.00805116709503286,0.0129520681917387
"910",-0.00480237627683609,0.0101873999741756,0.0090945677117778
"911",-0.0350354403383584,-0.00835750844189022,-0.0163908782230871
"912",0.0184411080785664,0.00147291609046005,0.0109267588184777
"913",0.0127930494388864,-0.0135489207045915,0.00577644285365259
"914",0.00704057459598434,0.0120724895536326,-0.0118723846842349
"915",-0.0136011463155089,-0.0123362215534711,-0.000401073819274947
"916",-0.0103454044284461,0.00844578608390355,0.0055779231542533
"917",0.000778417867947674,0.00478675399565363,-0.013909474773411
"918",0.00602583209278573,-0.00459465271335782,0.00401316483756628
"919",-0.0131557437434299,0.00500809421595247,0.0230576112669372
"920",-0.00410540656676739,0.0139156092913951,0.000918748498081103
"921",-0.00761639908868164,0.000534117310137225,0.00268511433574943
"922",-0.00749691154277188,-0.00211916321806664,0.00884080652858963
"923",-0.0061507103631747,-0.0249812620938538,0.00686530157266499
"924",-0.00175417588523864,0.0034440643492106,0.0161793836198663
"925",0.0143830518974517,-0.00520704950027197,0.0158797893534417
"926",-0.00499496162464861,0.0110825997374501,-0.00775791782604381
"927",-0.00351398697586113,-0.00681250385031068,0.00736553689325558
"928",-0.00465961106231349,0.0133048276038704,-0.00595537594670676
"929",-0.0118719656446669,-0.0215174486203419,0.00484282654885565
"930",0.00946097255896909,0.00428256434736664,0.0122649376518285
"931",0.0189961740341331,0.00994762592760711,-0.00258020148605279
"932",-0.00448123292650685,-0.000450890108047237,-0.00748835965894433
"933",0.00222170769433947,-0.0150040727291439,-0.00887621878801628
"934",-0.00568938871517528,-0.00945465128611589,0.00383095635173794
"935",-0.0307864484859148,-0.00149622421822993,0.0141519795520221
"936",-0.00822279022790894,-0.00505815043431753,-0.0020949582166588
"937",0.0128904256235463,0.0052495143301375,0.0141258895054778
"938",-0.00793518452013721,-0.0134276452756623,-0.0124908739891231
"939",0.0109007861334438,-0.0160440868863737,0.0164507115269816
"940",0.00553060938236093,-0.00183520894603995,0.00548791367748707
"941",0.00174987146547661,7.18792562657984e-05,0.00524036184849775
"942",0.000712664797832616,-0.00926927723410087,0.0203978364480419
"943",-0.00839828573851292,-0.00195512984712589,0.00824547201238068
"944",0.0102936955439047,0.000410419255867113,-0.0110633464948135
"945",0.0120763640979459,-0.00193752644169074,0.0101308608824635
"946",0.00431325911221729,-0.00738431159561067,0.00551238251231563
"947",-0.0135752043543424,-0.0214563795746259,-0.0159409593092305
"948",-0.00255947435642411,-0.0102875108208224,-0.0109255091652098
"949",0.00708250789791501,-0.000224507910257685,0.00350276106139571
"950",0.00300476561720096,6.80623936527117e-05,0.012045033666886
"951",-0.00192576017979094,-0.0159482712017625,0.00640929545683642
"952",-0.0159686476604909,-0.01847991413831,0.0116768329354288
"953",0.00363523327632719,-0.0126761890349119,-0.00608437105035809
"954",0.00423812118487109,-0.000509587382458562,0.00208285190550542
"955",-0.000348966437286682,0.00303253106759053,-0.00687994151546523
"956",0.007355130105024,-0.0120295854975501,-0.00804395917743917
"957",0.0303973250378552,0.0108148879643357,0.00118261996577548
"958",-0.00233919013298277,-0.00255819553224152,-0.00064161440753398
"959",0.00518384203939787,0.00336370996115624,0.0166582513409808
"960",-0.00917651806134697,0.000603733767465115,0.0056873964416752
"961",-0.00289447134583382,-0.00176769387108575,-0.015151984431822
"962",0.00430333704528678,-0.0147042215813722,-0.000630406028993076
"963",0.0122429829909233,-0.00707260100951549,-0.00628221720471608
"964",0.00108126908349814,-0.000463499405847433,-0.00536914652682515
"965",0.0116600293346144,-0.0164803046870883,-0.0163508459984454
"966",0.00464518966478085,0.00326780330700807,-0.0128966704873261
"967",-0.0125130171149074,0.00404692766120739,-0.00120047684855923
"968",-0.0129453414691398,-0.0101451200098432,0.00817542106059955
"969",0.00180915015055306,-0.00561497509359431,0.00250299189692811
"970",0.00479343327895444,-0.00555605097713791,-0.00823357333744412
"971",-0.00957216431415755,0.00782793833578774,-0.000129561302309483
"972",-0.0114460372526862,-0.00601455029878185,0.0020697344559918
"973",-0.0145450274609842,-0.0129314346894938,0.00733140901401597
"974",0.00500682031918131,-0.00619747442963089,0.000631816432958104
"975",-0.00482156699258202,-0.0025196684010516,0.00679493346217173
"976",-0.00574601267819086,-0.0110651572827973,0.0169926866378939
"977",-0.0098352183849129,0.0145658256158303,0.00155246685976143
"978",-0.0159066407431745,-0.00217851704970476,0.0032255574694966
"979",0.00152868577368133,0.0165687597124387,-0.000373703677880587
"980",0.00179863849103349,0.00283709965785072,-0.00393956787072665
"981",0.00658924982588922,0.00821008317718537,0.0121464751203932
"982",-0.00385264721612916,-0.0067306457852741,-0.00564516405695005
"983",-0.0131658642281329,-0.0165021563939822,-0.00565062807920709
"984",0.0120092577991023,-0.00216201774542775,-0.0173994214192595
"985",0.0164697745530771,-0.0058902430273415,-0.00278539259473198
"986",0.00428396244036827,-0.0140875369553266,0.00137005694049341
"987",0.0100254332227064,0.0141440022668854,-0.00101679893896014
"988",-0.0203757791139754,-0.0123252078263603,-0.00539250299727038
"989",-0.029566190510502,0.0145330415884931,0.00819137518737431
"990",-0.0104221120660576,0.0163251080295684,-0.0148280992683408
"991",0.0124864860902333,0.00497794964248402,0.00584553683224236
"992",-0.00302752708959006,-0.0169787723790431,-0.0182815788855714
"993",-0.0135954169580343,0.0111156627086085,0.00656220153064205
"994",0.0138132664745596,0.000693185310856599,-0.0192256030963419
"995",-0.00229868671278262,-0.00414167524238477,-0.00366937601422406
"996",-0.0135385476675395,-0.00325930332462963,0.00740152928498781
"997",0.0077116905885384,0.00428976962158507,0.0100340210936572
"998",0.00624639793677197,-0.00132254378233591,0.00387330160676384
"999",0.00101615145756209,-0.00618683843021179,0.00457514709572666
"1000",0.0163722618361128,0.000819794679311854,-0.00772485316139666
