"","AAPL","MSFT","YHOO"
"1",11.97,29.86,25.61
"2",12.24,29.81,26.85
"3",12.15,29.64,27.74
"4",12.21,29.93,27.92
"5",13.22,29.96,27.58
"6",13.86,29.66,28.7
"7",13.69,30.7,29.2
"8",13.52,31.21,29.45
"9",13.87,31.16,29.29
"10",13.56,31.1,29.05
"11",12.72,31,28.12
"12",12.64,31.11,27.64
"13",12.4,30.72,27.42
"14",12.24,30.74,26.96
"15",12.39,31.09,28.94
"16",12.32,30.45,28.21
"17",12.2,30.6,28.04
"18",12.28,30.53,27.87
"19",12.22,30.48,28.04
"20",12.25,30.86,28.31
"21",12.11,30.56,28.35
"22",12.11,30.19,28.77
"23",11.99,29.61,28.56
"24",12.02,29.51,29.35
"25",12.31,29.37,29.89
"26",12.31,29.26,30.08
"27",11.9,28.98,29.74
"28",12.13,28.94,29.17
"29",12.09,29.03,29.56
"30",12.19,29.4,30.66
"31",12.17,29.46,31.25
"32",12.12,28.74,31.91
"33",12.27,28.83,32.01
"34",12.74,29.35,31.65
"35",12.79,29.39,31.6
"36",12.72,28.9,32.1
"37",12.66,29.07,32.12
"38",11.99,27.87,30.95
"39",12.09,28.17,30.86
"40",12.44,28.09,30.86
"41",12.2,27.76,30.42
"42",12.33,27.55,30.31
"43",12.6,27.83,30.8
"44",12.53,27.61,30.39
"45",12.57,27.32,30.71
"46",12.57,27.29,29.12
"47",12.84,27.44,29.99
"48",12.63,26.72,29.56
"49",12.86,27.4,29.86
"50",12.8,27.28,30.06
"51",12.8,27.33,29.88
"52",13.02,27.83,30.03
"53",13.07,27.84,30.33
"54",13.41,28.52,31.29
"55",13.42,28.27,31.26
"56",13.36,28.02,31.36
"57",13.69,28.22,31.66
"58",13.64,27.72,31.55
"59",13.32,27.64,31.41
"60",13.39,27.75,31.34
"61",13.27,27.87,31.29
"62",13.38,27.74,31.28
"63",13.5,27.87,31.72
"64",13.47,28.5,31.62
"65",13.53,28.55,31.96
"66",13.38,28.57,31.64
"67",13.46,28.4,31.69
"68",13.23,28.11,31.17
"69",13.17,28.54,31.21
"70",12.89,28.61,31.41
"71",13.06,28.73,31.61
"72",12.91,28.85,32.09
"73",12.91,28.6,28.31
"74",12.9,28.69,27.51
"75",13,29.02,27.46
"76",13.36,28.78,27.88
"77",13.32,28.79,28.02
"78",13.62,28.99,28.06
"79",14.12,29.1,28.49
"80",14.27,30.12,28.34
"81",14.26,29.94,28.04
"82",14.21,30.4,27.73
"83",14.34,30.61,28.12
"84",14.34,30.97,28.18
"85",14.4,30.56,30.98
"86",14.85,30.71,30.38
"87",15.01,30.75,30.41
"88",15.27,30.78,30.22
"89",15.33,30.58,29.7
"90",15.53,30.89,30.05
"91",15.62,30.97,29.31
"92",15.36,30.9,28.81
"93",15.33,31.07,29.21
"94",15.63,30.98,28.57
"95",15.72,30.83,29.75
"96",16,31.05,29.35
"97",16.22,30.69,28.92
"98",16.13,30.58,28.61
"99",15.81,30.17,28.41
"100",16.23,30.48,28.58
"101",16.34,30.79,28.4
"102",16.97,31.11,28.38
"103",17.31,30.69,28.7
"104",16.91,30.59,28.78
"105",17.33,30.72,28.59
"106",17.52,30.58,28.23
"107",17.66,30.29,27.44
"108",17.72,29.62,26.98
"109",17.78,30.05,27.39
"110",17.17,30.02,27.35
"111",17.2,29.85,27.05
"112",16.79,30.39,27.38
"113",16.96,30.52,27.3
"114",17.21,30.49,27.31
"115",17.87,30.51,28.12
"116",17.67,30.46,27.63
"117",17.36,30.01,27.66
"118",17.7,30.22,27.67
"119",17.57,29.49,27.38
"120",17.48,29.49,27.64
"121",17.09,29.52,27.71
"122",17.41,29.87,27.58
"123",17.22,29.83,27.25
"124",17.43,29.47,27.13
"125",17.32,29.74,26.86
"126",18.17,30.02,27
"127",18.96,29.99,26.99
"128",18.9,29.97,27.1
"129",18.62,29.87,27.2
"130",18.91,29.33,26.97
"131",18.91,29.49,26.69
"132",19.15,30.07,26.96
"133",19.68,29.82,26.58
"134",19.73,30.03,26.7
"135",19.84,30.78,27.53
"136",19.73,30.92,26.2
"137",20,31.51,26.03
"138",20.54,31.16,25.35
"139",20.53,31.19,24.99
"140",19.27,30.8,24.84
"141",19.61,30.71,24.68
"142",20.86,29.98,24.03
"143",20.55,29.39,23.49
"144",20.2,29.4,23.62
"145",18.82,28.99,23.25
"146",19.29,29.3,23.25
"147",19.5,29.52,23.36
"148",18.84,28.96,22.92
"149",19.32,29.54,22.97
"150",19.29,29.55,23.44
"151",19.14,30,23.87
"152",18.06,29.3,23.8
"153",17.86,28.71,23.94
"154",18.26,28.63,24.57
"155",17.72,28.27,23.72
"156",17.13,28.1,23.32
"157",16.72,27.81,22.76
"158",17.44,28.25,23.54
"159",17.46,28.26,23.34
"160",18.22,28.07,23.04
"161",18.93,28.22,23.23
"162",18.72,28.3,23.13
"163",19.33,28.81,23.59
"164",18.89,28.49,23.03
"165",18.12,27.93,22.52
"166",19.15,28.59,22.55
"167",19.46,28.45,22.61
"168",19.78,28.73,22.73
"169",20.59,28.81,23.97
"170",19.54,28.48,24.1
"171",19.29,28.91,24.15
"172",18.82,28.44,23.76
"173",19.53,28.48,23.3
"174",19.36,28.93,23.71
"175",19.55,28.93,23.56
"176",19.6,29.16,23.72
"177",19.83,29.04,24.73
"178",19.77,28.72,24.95
"179",20.13,28.93,25.06
"180",20.11,28.67,25.29
"181",20.04,28.42,25.29
"182",20.59,28.65,26.05
"183",21.18,29.08,25.73
"184",21.88,29.56,26.51
"185",21.82,29.5,26.7
"186",22.07,29.49,26.27
"187",21.92,29.46,26.84
"188",22.33,29.77,27.04
"189",22.64,29.7,26.95
"190",22.56,29.45,27.17
"191",22.32,29.71,27.15
"192",23.06,29.84,27.88
"193",23.99,29.84,28.05
"194",23.98,30.1,28.37
"195",23.83,30.23,28.36
"196",23.18,29.91,27.65
"197",23.89,30.17,28.48
"198",23.85,30.04,27.86
"199",24.23,30.32,26.69
"200",24.68,31.08,28.82
"201",24.79,31.16,29.35
"202",24.35,30.17,29.03
"203",24.91,30.51,29.85
"204",26.59,30.9,30.64
"205",26.56,31.25,30.68
"206",26.11,31.99,31.34
"207",26.39,35.03,33.63
"208",26.44,34.57,31.79
"209",26.71,35.57,30.83
"210",27.14,36.81,31.1
"211",26.78,37.06,30.22
"212",26.84,37.06,31.11
"213",26.6,36.73,31.36
"214",27.4,36.41,29.93
"215",26.61,35.52,27.63
"216",25.07,34.74,26.7
"217",23.62,33.73,25.79
"218",21.97,33.38,24.78
"219",24.28,34.46,26.1
"220",23.73,33.93,25.07
"221",23.47,33.76,25.42
"222",23.77,34.09,26.82
"223",23.42,33.96,26.76
"224",24.12,34.58,26.72
"225",24.07,34.23,25.71
"226",24.51,34.11,26.13
"227",24.65,32.97,25.22
"228",24.97,33.06,25.59
"229",25.75,33.7,26.2
"230",26.33,33.59,26.63
"231",26.03,33.6,26.81
"232",25.55,32.92,26.61
"233",25.69,32.77,26.42
"234",26.5,34.15,25.98
"235",27.14,34.55,25.96
"236",27.76,34.53,25.63
"237",27.74,34.76,25.2
"238",26.93,34.1,24.47
"239",27.27,34.47,24.54
"240",27.4,35.22,24.38
"241",27.2,35.31,24.06
"242",26.34,34.39,23.04
"243",26.14,34.74,23.02
"244",26.16,34.79,23.31
"245",26.74,35.52,23.64
"246",27.7,36.06,24.01
"247",28.4,36.58,24.05
"248",28.42,36.61,23.96
"249",28.37,35.97,23.71
"250",28.55,36.12,23.45
"251",28.3,35.6,23.26
"252",27.83,35.22,23.72
"253",27.85,35.37,23.84
"254",25.72,34.38,23.16
"255",25.38,34.61,23.18
"256",24.46,33.45,22.61
"257",25.6,34.44,22.56
"258",25.43,34.33,24.09
"259",24.67,33.91,23.36
"260",25.54,34.39,23.7
"261",24.15,34,22.91
"262",22.81,33.23,21.95
"263",22.98,33.11,21.22
"264",23.05,33.01,20.78
"265",22.23,31.99,19.92
"266",19.87,31.93,20.01
"267",19.37,33.25,21.69
"268",18.57,32.94,21.94
"269",18.57,32.72,20.78
"270",18.79,32.6,20.81
"271",18.88,32.2,19.05
"272",19.34,32.6,19.18
"273",19.11,30.45,28.38
"274",18.81,30.19,29.33
"275",18.48,29.07,28.98
"276",17.43,28.52,28.57
"277",17.32,28.12,29.04
"278",17.93,28.56,29.2
"279",18.49,28.21,29.87
"280",17.84,28.34,29.57
"281",18.49,28.96,29.88
"282",18.21,28.5,29.98
"283",17.8,28.42,29.66
"284",17.45,28.17,29.01
"285",17.69,28.22,28.83
"286",17.36,28.1,28.42
"287",17.07,27.68,28.42
"288",17.11,27.84,28.13
"289",17.02,28.38,28.22
"290",17.57,28.26,28.37
"291",18.56,27.93,28.15
"292",17.86,27.2,27.78
"293",17.39,26.99,27.77
"294",17.8,27.59,28.06
"295",17.78,28.12,28.67
"296",17.28,27.57,28.7
"297",17.46,27.87,29.03
"298",17.1,28.05,28.51
"299",18.19,29.28,29
"300",18,28.63,28.45
"301",18.28,28.62,27.5
"302",18.09,27.96,26.71
"303",18.1,28.3,25.85
"304",18.97,29.42,27.66
"305",18.52,28.62,27.07
"306",19.04,29.18,27.66
"307",19.93,29.17,27.52
"308",20.14,29.14,28.73
"309",20.72,28.56,28.49
"310",20.04,28.05,28.09
"311",20.43,27.91,28.99
"312",20.5,28.38,28.93
"313",21.36,29.5,28.5
"314",21.07,29.16,27.82
"315",21.66,29,28.13
"316",21.87,29.16,28.36
"317",22.27,29.16,27.7
"318",21.83,28.75,27.7
"319",21.63,28.89,27.77
"320",22.08,29.11,28.59
"321",21.02,28.28,28.34
"322",21.11,28.06,27.8
"323",21.2,28.25,28.17
"324",21.96,28.95,28.31
"325",22.07,29.22,28.03
"326",23.01,30,28.43
"327",24.02,30.42,28.55
"328",22.89,30.25,28.54
"329",23.27,31.45,28.08
"330",24.13,31.8,27.3
"331",24.25,29.83,26.8
"332",24.61,28.99,26.43
"333",25.01,28.64,27.36
"334",24.85,28.52,27.41
"335",25.71,29.4,26.81
"336",25.85,29.24,28.67
"337",26.39,29.08,24.37
"338",26.67,29.7,25.72
"339",26.08,29.21,25.64
"340",26.44,29.27,26.22
"341",26.21,29.39,25.93
"342",26.88,29.99,25.26
"343",27.14,29.78,26.56
"344",26.61,29.93,27.14
"345",27.1,30.45,27.75
"346",26.8,29.99,27.66
"347",26.23,29.46,27.68
"348",26.56,28.76,27.48
"349",25.46,28.25,27.33
"350",25.29,28.47,27.53
"351",25.88,28.05,27.72
"352",26.63,28.44,27
"353",26.72,28.18,27.16
"354",26.67,28.31,27.07
"355",26.96,28.32,26.76
"356",26.59,27.8,26.4
"357",26.48,27.31,26.15
"358",26.46,27.54,26.85
"359",27.06,28.3,26.36
"360",26.52,27.49,26.44
"361",25.94,27.71,26.58
"362",26.52,27.89,26.4
"363",25.83,27.12,26.15
"364",24.75,28.24,23.52
"365",24.62,29.07,23.47
"366",25.26,28.93,23.54
"367",25.92,28.8,23.25
"368",25.54,28.46,22.91
"369",25.84,28.93,22.73
"370",25.04,28.23,21.99
"371",24.74,27.97,21.45
"372",24.75,27.73,22.04
"373",25.34,28.35,22.01
"374",24.04,27.75,21.37
"375",24.3,27.63,21.33
"376",23.92,27.51,20.66
"377",24.95,26.87,20.2
"378",24.03,25.88,20.88
"379",24.3,25.98,21.35
"380",25.02,26.03,23.91
"381",25.65,25.85,24.64
"382",24.89,25.23,23.82
"383",25.23,25.45,23.5
"384",24.65,25.25,23.57
"385",24.84,25.15,22.57
"386",24.23,26.15,21.54
"387",24.69,27.26,22.48
"388",24.54,27.52,22.44
"389",23.59,25.86,22.45
"390",23.76,25.64,21.67
"391",23.15,25.8,21.4
"392",23.75,26.43,20.39
"393",22.72,25.44,20.53
"394",23.16,26.16,21.13
"395",22.06,25.5,20.12
"396",22.44,26.11,20.15
"397",22.84,26.23,20.03
"398",22.71,25.72,19.89
"399",22.38,25.44,19.8
"400",21.89,25.28,19.38
"401",22.95,26.21,19.82
"402",23.46,27.02,20
"403",23.37,27.39,20.19
"404",24.22,28.13,19.9
"405",24.79,27.9,20.26
"406",25.25,28.12,20.43
"407",25.61,27.91,20.36
"408",25.62,27.91,20.28
"409",25.11,27.81,20.44
"410",25.06,27.69,19.73
"411",24.79,27.32,19.42
"412",25.12,27.29,19.17
"413",24.9,27.18,19.11
"414",25.26,27.84,19.53
"415",24.65,27.66,19.09
"416",24.81,27.27,19.09
"417",24.95,27.56,19.37
"418",24.82,27.94,19.65
"419",24.22,27.29,19.38
"420",23.74,27.1,18.75
"421",23.85,26.9,18.76
"422",23.03,26.35,17.75
"423",22.88,25.65,18.08
"424",22.56,26.12,18.26
"425",21.67,26.1,17.58
"426",21.66,26.44,17.7
"427",21.81,27.34,18.55
"428",21.28,27.62,19.08
"429",20.05,26.82,18.85
"430",19.98,25.99,19.26
"431",18.26,24.57,18.82
"432",19.16,25.26,20.82
"433",20.13,25.16,19.89
"434",18.72,25.4,18.68
"435",18.12,25.44,18.93
"436",18.39,25.72,19.15
"437",18.85,26.61,19.2
"438",18.32,27.4,18.92
"439",15.04,25.01,16.88
"440",16.24,26.69,17.3
"441",15.59,26.48,16.96
"442",14.3,26.25,15.58
"443",13.87,26.32,16
"444",14.02,24.91,15.31
"445",12.74,23.23,14.58
"446",12.83,23.01,13.76
"447",12.68,22.3,12.65
"448",13.8,21.5,12.29
"449",15.75,25.5,13.49
"450",14.87,24.1,12.65
"451",13.99,22.66,11.75
"452",14.56,24.19,12.99
"453",13.91,23.93,12.9
"454",14.06,24.72,12.86
"455",13.07,23.36,12.07
"456",13.84,21.53,12.39
"457",14.03,22.32,12.65
"458",13.77,21.96,12.1
"459",13.16,21.18,11.58
"460",14.27,23.1,12.36
"461",14.94,23,12.14
"462",15.86,22.63,12.93
"463",15.37,22.33,12.82
"464",15.28,22.62,12.75
"465",15.86,23.53,13.35
"466",14.76,22.08,13.92
"467",14.16,20.88,13.96
"468",14.03,21.5,12.2
"469",13.7,21.3,11.87
"470",13.54,21.2,11.35
"471",12.87,20.3,10.34
"472",13.78,21.25,11.15
"473",12.89,20.06,10.82
"474",12.59,19.32,10.63
"475",12.84,19.62,11.55
"476",12.33,18.29,9.14
"477",11.5,17.53,8.95
"478",11.8,19.68,9.39
"479",13.28,20.69,10.21
"480",12.97,19.99,10.07
"481",13.57,20.49,10.58
"482",13.24,20.22,11.51
"483",12.7,18.61,10.74
"484",13.21,19.15,11.5
"485",13.7,19.87,11.5
"486",13.06,19.11,11.05
"487",13.43,19.87,11.66
"488",14.25,21.01,12.2
"489",14.29,20.6,12.19
"490",14.03,20.61,13.4
"491",13.57,19.45,12.73
"492",14.04,19.36,13.15
"493",13.54,19.04,12.73
"494",13.63,20.11,13.36
"495",12.74,19.66,13.11
"496",12.78,19.3,12.72
"497",12.86,19.12,13.03
"498",12.25,19.18,12.35
"499",12.34,19.28,12.42
"500",12.15,19.17,12.32
"501",12.26,19.13,12.34
"502",12.37,18.96,11.88
"503",12.33,19.34,11.97
"504",12.19,19.44,12.2
"505",12.96,20.33,12.85
"506",13.51,20.52,12.86
"507",13.29,20.76,13
"508",13,19.51,12.71
"509",13.24,20.12,13.07
"510",12.94,19.52,13.13
"511",12.67,19.47,12.22
"512",12.53,19.82,12.1
"513",12.19,19.09,12.41
"514",11.91,19.24,11.61
"515",11.76,19.71,11.59
"516",11.17,18.48,11.01
"517",11.83,19.38,11.59
"518",12.62,17.11,11.28
"519",12.62,17.2,11.32
"520",12.81,17.63,11.17
"521",12.96,17.66,11.34
"522",13.46,18.04,12.24
"523",13.29,17.59,11.74
"524",12.88,17.1,11.73
"525",13.07,17.83,12.15
"526",13.28,18.5,12.68
"527",13.36,18.63,13
"528",13.78,19.04,13.51
"529",14.25,19.66,13.63
"530",14.64,19.44,13.9
"531",13.98,18.8,12.75
"532",13.83,19.21,12.63
"533",14.18,19.26,12.66
"534",14.17,19.09,12.84
"535",13.5,18.09,12.02
"536",13.48,18.12,12.22
"537",12.95,17.91,11.98
"538",13,18,12.14
"539",12.42,17.21,11.97
"540",12.89,17.17,12.75
"541",13.02,16.96,12.48
"542",12.74,16.42,12.98
"543",12.76,16.15,13.23
"544",12.56,15.79,12.58
"545",12.62,15.88,12.5
"546",13.02,16.12,13.16
"547",12.69,15.27,12.53
"548",12.19,15.28,13.05
"549",11.87,15.15,12.66
"550",12.66,16.48,13.23
"551",13.24,17.11,13.39
"552",13.76,17.01,13.6
"553",13.7,16.65,13.51
"554",13.63,16.25,13.22
"555",14.24,16.9,13.99
"556",14.5,16.96,13.42
"557",14.52,17.14,13.74
"558",14.51,17.06,13.6
"559",15.38,18.33,14.09
"560",15.21,17.93,13.61
"561",15.21,17.88,13.55
"562",15.7,18.83,13.35
"563",15.26,18.13,13.18
"564",14.93,17.48,12.7
"565",15.02,18.37,12.81
"566",15.53,19.31,12.75
"567",16.1,19.29,12.95
"568",16.57,18.75,13.34
"569",16.92,18.76,13.23
"570",16.43,18.76,12.81
"571",16.62,19.19,12.92
"572",17.08,19.67,13.47
"573",17.17,19.59,14.42
"574",16.9,19.35,14.07
"575",16.81,18.83,14.02
"576",17.35,19.76,14.43
"577",17.63,19.2,14.39
"578",17.21,18.61,13.66
"579",17.39,18.97,14.38
"580",17.36,18.78,14.48
"581",17.91,18.92,14.55
"582",17.7,20.91,14.73
"583",17.82,20.4,13.89
"584",17.7,19.93,13.64
"585",17.88,20.25,14.02
"586",17.98,20.26,14.29
"587",18.18,20.24,14.14
"588",18.87,20.19,14.18
"589",18.96,19.79,14.74
"590",18.93,19.79,14.85
"591",18.44,19.32,14.8
"592",18.46,19.42,15.15
"593",18.51,19.32,15.54
"594",17.77,19.89,15.1
"595",17.07,19.75,14.52
"596",17.56,20.06,14.76
"597",17.49,20.22,14.91
"598",18.09,20.6,15.17
"599",18.21,20.31,15.18
"600",17.98,20.38,14.96
"601",17.74,19.82,14.87
"602",17.5,19.75,14.98
"603",18.68,20.34,15.28
"604",19.01,20.13,14.94
"605",19.3,20.45,15.09
"606",19.4,20.89,15.84
"607",19.91,21.4,16.58
"608",19.93,21.4,16.62
"609",20.14,21.73,16.3
"610",20.53,21.83,16.65
"611",20.67,22.14,16.64
"612",20.55,22.05,16.19
"613",20.39,22.08,16.4
"614",20.04,22.55,16.32
"615",19.99,22.83,16.19
"616",19.57,23.33,16.4
"617",19.44,23.42,16.4
"618",19.48,23.45,15.96
"619",19.37,23.68,15.6
"620",19.41,23.5,15.34
"621",19.93,24.07,15.8
"622",19.62,23.28,14.71
"623",19.14,23.34,14.68
"624",19.46,23.47,15.45
"625",19.98,23.79,15.53
"626",20.35,23.35,15.74
"627",20.28,23.86,15.9
"628",20.35,23.77,15.66
"629",20.4,24.04,15.41
"630",20,23.37,14.99
"631",19.8,23.2,14.91
"632",19.34,22.53,14.44
"633",19.6,22.56,14.38
"634",19.48,22.44,14.55
"635",19.79,22.39,14.93
"636",20.33,23.23,15.01
"637",20.32,23.11,15.18
"638",20.98,24.12,15.71
"639",21.07,24.44,16.19
"640",21.68,24.29,16.84
"641",21.84,24.53,17.01
"642",21.64,24.83,16.75
"643",22.39,24.8,17.37
"644",22.55,25.56,17.36
"645",22.86,23.45,17.48
"646",22.87,23.11,17
"647",22.86,23.47,17.22
"648",22.86,23.8,15.14
"649",23.26,23.81,14.6
"650",23.34,23.52,14.32
"651",23.78,23.83,14.34
"652",23.65,23.77,14.51
"653",23.59,23.81,14.67
"654",23.42,23.46,14.74
"655",23.64,23.56,14.62
"656",23.53,23.42,14.63
"657",23.26,23.13,14.46
"658",23.62,23.53,14.68
"659",24.06,23.62,15.04
"660",23.83,23.69,15.04
"661",22.8,23.25,14.56
"662",23.43,23.58,14.75
"663",23.51,23.65,14.79
"664",23.76,23.67,14.77
"665",24.17,24.41,14.79
"666",24.15,24.64,14.99
"667",24.2,24.64,15.07
"668",23.92,24.55,14.93
"669",24.21,24.69,14.93
"670",24.29,24.68,14.85
"671",24.03,24.65,14.61
"672",23.61,24,14.18
"673",23.6,23.86,14.23
"674",23.79,24.11,14.28
"675",24.33,24.62,14.5
"676",24.7,24.82,14.49
"677",24.45,24.78,14.78
"678",24.65,25,15.45
"679",24.59,24.86,15.59
"680",24.82,25,15.57
"681",25.02,25.2,16.41
"682",25.98,25.2,16.99
"683",26.36,25.3,17.5
"684",26.43,25.26,17.39
"685",26.29,25.3,17.04
"686",26.35,25.77,16.86
"687",26.5,25.71,17.21
"688",26.26,25.94,16.89
"689",26.05,25.55,17.08
"690",26.59,25.83,17.47
"691",26.48,25.75,17.45
"692",26.48,25.72,17.81
"693",25.84,24.88,17.39
"694",26.41,24.96,16.84
"695",26.57,24.64,16.8
"696",27.14,25.11,17.3
"697",27.18,25.1,17.49
"698",27.04,25.67,17.58
"699",27.21,25.55,16.87
"700",27.26,25.72,16.75
"701",27.15,25.81,16.88
"702",27.33,25.96,16.95
"703",27.22,26.71,16.52
"704",26.86,26.5,16.81
"705",27.12,26.36,17.22
"706",28.39,26.37,17.17
"707",29.27,26.58,17.66
"708",29.31,26.59,17.67
"709",29.13,28.02,17.22
"710",28.93,28.68,16.87
"711",28.2,28.59,16.69
"712",27.49,28.02,16.04
"713",28.05,28.22,16.13
"714",26.93,27.73,15.9
"715",27.04,27.88,15.85
"716",26.96,27.53,15.7
"717",27.26,28.06,15.69
"718",27.72,28.47,15.9
"719",27.76,28.52,15.94
"720",28.78,28.99,16.02
"721",29,29.01,16.04
"722",29.04,29.12,16.09
"723",28.86,29.36,16
"724",29.21,29.63,15.93
"725",29.52,29.54,16.07
"726",29.57,30,16.05
"727",29.42,30.11,15.98
"728",28.64,29.78,15.61
"729",28.56,29.62,15.38
"730",29.41,29.94,15.45
"731",29.21,29.91,15.24
"732",29.17,29.79,15.3
"733",28.66,29.22,15
"734",28.56,29.41,14.97
"735",28.14,30.01,15.13
"736",28.03,29.78,15.31
"737",28.07,29.83,15.11
"738",27.62,29.98,15.19
"739",26.99,29.79,15.45
"740",27.12,29.57,15.45
"741",28.26,29.71,15.18
"742",28.06,29.87,15.49
"743",27.81,29.85,15.74
"744",28.14,30.11,15.81
"745",27.74,30.02,15.74
"746",27.86,30.1,15.79
"747",27.41,29.6,15.82
"748",27.92,30.36,16.14
"749",28.32,30.52,15.88
"750",28.62,30.82,15.98
"751",28.87,30.92,16.67
"752",29.86,31,16.72
"753",30.23,31.17,16.88
"754",29.87,31.39,16.92
"755",30.23,30.96,16.98
"756",30.1,30.48,16.78
"757",30.57,30.95,17.1
"758",30.63,30.96,17.23
"759",30.14,30.77,17.17
"760",30.08,30.45,16.7
"761",30.28,30.66,16.7
"762",30.02,30.27,16.74
"763",29.67,30.07,16.68
"764",30.09,30.35,16.9
"765",29.92,30.96,17.12
"766",29.42,30.86,16.82
"767",30.72,31.1,16.75
"768",30.25,30.58,16.38
"769",29.72,30.01,16.2
"770",28.25,28.96,15.88
"771",29.01,29.32,15.86
"772",29.42,29.5,15.99
"773",29.7,29.67,15.98
"774",28.47,29.16,15.44
"775",27.44,28.18,15.01
"776",27.82,28.41,15.05
"777",27.98,28.46,15.17
"778",28.46,28.63,15.46
"779",27.44,27.84,15.01
"780",27.92,28.02,15.19
"781",27.73,27.72,14.99
"782",28.03,28.01,15.07
"783",27.87,27.99,14.8
"784",28.38,28.12,15.22
"785",28.63,27.93,15.17
"786",29.06,28.35,15.41
"787",28.94,28.59,15.44
"788",28.99,28.97,15.54
"789",28.81,28.77,15.58
"790",28.63,28.73,15.49
"791",28.15,28.33,15.38
"792",28.66,28.63,15.59
"793",28.86,28.6,15.24
"794",29.23,28.67,15.31
"795",29.86,29.02,15.79
"796",29.84,28.46,15.73
"797",29.9,28.46,15.57
"798",30.1,28.63,15.81
"799",31.28,28.59,16.06
"800",31.3,28.63,16.52
"801",31.86,28.8,16.53
"802",32.12,28.97,16.79
"803",32.21,29.18,16.53
"804",32.37,29.27,16.32
"805",31.98,29.29,16.46
"806",32.06,29.37,16.36
"807",32.02,29.63,16.5
"808",32.09,29.61,16.56
"809",31.75,29.59,16.44
"810",32.11,29.6,16.34
"811",32.62,29.88,16.03
"812",32.77,29.65,16.09
"813",32.38,30.01,16.32
"814",32.99,29.66,16.54
"815",33.2,29.59,16.56
"816",33.69,29.77,16.61
"817",33.57,29.29,16.53
"818",34.07,29.27,16.51
"819",34.22,29.32,16.92
"820",34.37,29.35,16.87
"821",34.28,29.92,17.35
"822",34.54,30.34,17.52
"823",34.61,30.32,17.64
"824",34.63,30.45,18.18
"825",35.1,30.82,18.38
"826",35.56,30.87,18.97
"827",35.34,30.67,18.17
"828",35.3,31.04,18.39
"829",34.94,31.36,18.38
"830",37.03,31.33,17.45
"831",38.07,31.39,17.72
"832",38.69,30.96,17.64
"833",38.5,31.11,17.39
"834",37.43,30.84,16.92
"835",37.37,30.91,16.75
"836",38.38,31,16.97
"837",37.3,30.54,16.53
"838",38.05,30.86,16.95
"839",36.95,30.13,16.32
"840",36.57,29.85,16.49
"841",35.18,28.98,15.92
"842",33.69,28.21,15.29
"843",36.28,28.94,16.33
"844",36.65,28.88,16.41
"845",37.44,29.44,16.47
"846",36.91,29.24,16.14
"847",36.26,28.93,16.39
"848",36.32,28.94,16.27
"849",36.05,28.6,16.03
"850",35.48,28.24,15.79
"851",33.97,27.11,15.1
"852",34.62,26.84,15.48
"853",35.25,26.27,15.54
"854",35.03,26.07,15.31
"855",34.87,25.01,15.45
"856",36.19,26,15.69
"857",36.7,25.8,15.34
"858",37.26,25.89,15.02
"859",37.71,26.46,15.18
"860",37.59,26.86,15.43
"861",36.57,25.79,15
"862",35.85,25.29,14.94
"863",35.62,25.11,14.79
"864",34.74,24.79,14.69
"865",35.79,25,15.1
"866",36.22,25.66,15.29
"867",36.33,25.5,15.17
"868",37.1,26.58,15.65
"869",38.18,26.32,15.49
"870",38.84,26.37,15.6
"871",39.15,26.44,15.54
"872",38.6,25.95,15.21
"873",39.12,25.77,15.09
"874",38.71,25.31,15.23
"875",38.43,25,14.83
"876",38.1,24.53,14.81
"877",38.33,24.31,14.73
"878",36.6,23.31,14.04
"879",35.93,23.01,13.84
"880",35.5,23.16,14.09
"881",35.28,23.27,14.07
"882",35.52,23.82,14.13
"883",36.95,24.3,14.4
"884",36.87,24.41,14.6
"885",37.09,24.27,14.89
"886",36.76,24.83,14.94
"887",35.97,25.13,15.52
"888",36.1,25.44,15.37
"889",35.92,25.51,15.37
"890",35.7,24.89,14.9
"891",35.08,25.23,15.1
"892",35.98,25.48,15.2
"893",36.32,25.12,13.91
"894",37,25.84,13.88
"895",37.13,25.81,13.99
"896",37.04,26.1,14.15
"897",37.73,26.16,13.95
"898",37.28,25.95,13.87
"899",36.87,26.03,13.76
"900",36.75,25.81,13.88
"901",37.41,26.33,14
"902",37.42,26.16,13.94
"903",37.57,25.73,14.18
"904",37.39,25.37,14.16
"905",37.16,25.55,14.34
"906",37.39,25.61,14.4
"907",37.06,25.07,14.35
"908",35.74,24.86,13.87
"909",35.97,24.49,13.85
"910",35.59,24.4,13.83
"911",35.38,24.5,13.79
"912",36,24.71,13.94
"913",36.15,24.82,13.99
"914",35.7,24.44,13.85
"915",35.66,24.23,13.79
"916",35.11,24.28,13.65
"917",34.28,24.04,13.4
"918",34.7,24.1,13.26
"919",34.33,23.82,13.21
"920",34.52,23.93,13.43
"921",34.64,23.64,13.18
"922",34.73,23.46,13.11
"923",35.76,23.9,13.37
"924",36.02,23.94,13.51
"925",36.97,24.29,13.62
"926",36.83,23.96,13.53
"927",37.56,23.93,13.75
"928",37.58,24.01,13.65
"929",37.63,23.85,13.68
"930",38.15,25.11,13.73
"931",38.29,25.03,13.63
"932",38.6,25.12,14.27
"933",39.51,25.33,14.19
"934",39.34,25.22,13.89
"935",40.46,25.43,13.86
"936",40.54,25.15,14.18
"937",41.11,24.61,14.04
"938",41.27,24.43,14.17
"939",41.76,24.78,14.5
"940",41.6,24.73,14.28
"941",40.98,24.68,14.39
"942",41.05,24.5,14.34
"943",40.54,24.49,14.17
"944",40.36,24.38,14.27
"945",39.81,23.91,14.28
"946",41.28,24.35,14.61
"947",41.31,24.43,14.52
"948",41.32,24.53,14.23
"949",42.01,24.57,14.49
"950",42.19,24.59,14.41
"951",42.65,24.83,14.43
"952",42.88,25.34,15.25
"953",43.19,25.23,15.93
"954",44.96,25.54,16.25
"955",45.43,25.82,15.92
"956",44.21,25.1,15.49
"957",44.36,25.31,15.8
"958",44.22,25.42,15.97
"959",43.92,25.38,16.3
"960",44.12,25.19,16.4
"961",44.01,25.9,16.46
"962",43.98,26.05,16.42
"963",43.61,26.28,16.4
"964",43,26.66,16.49
"965",43.45,26.95,16.15
"966",44.19,27.39,16.19
"967",44.69,27.03,16.17
"968",45.47,27.14,16.2
"969",45.3,26.85,16.26
"970",45.52,26.81,16.44
"971",45.15,26.95,16.97
"972",45.43,26.94,16.94
"973",45.24,26.68,16.8
"974",44,26.27,16.55
"975",43.86,26.2,16.6
"976",43.08,25.81,16.24
"977",42.93,25.57,16.15
"978",44.06,25.84,16.99
"979",43.82,25.69,16.57
"980",44.77,25.73,16.56
"981",44.1,25.12,16.19
"982",44.97,25.37,16.41
"983",45,25.25,16.22
"984",45.27,25.31,16.38
"985",44.45,25.26,15.82
"986",45.2,26.04,16.15
"987",45.45,26.89,16.33
"988",45.35,27.02,16.35
"989",45.74,26.84,16.33
"990",45.46,26.87,16.94
"991",45.86,27.23,17.02
"992",45.68,27.08,16.95
"993",45.79,27.34,17.01
"994",45.95,27.24,16.7
"995",45.76,27.62,16.63
"996",45.77,27.85,16.45
"997",45.89,27.99,16.51
"998",45.8,27.9,16.38
"999",46.03,27.81,16.28
"1000",46.32,28.07,16.6
"1001",46.45,28.19,16.63
"1002",46.23,28.3,16.72
"1003",46.38,28.07,16.48
"1004",46.5,28.01,16.43
"1005",46.47,27.97,16.61
"1006",46.24,27.85,16.76
"1007",46.08,27.91,16.63
"1008",47.08,27.98,16.75
"1009",47.33,28.09,16.59
"1010",47.71,28,16.91
"1011",47.68,28.82,17.06
"1012",48.02,28.6,16.9
"1013",48.92,28.22,16.6
"1014",48.81,28.11,16.58
"1015",49.2,28.55,16.65
"1016",49.38,28.19,16.75
"1017",49.78,28.3,16.81
"1018",48.66,28.66,16.5
"1019",48.41,28.47,16.31
"1020",47.53,28.35,16.23
"1021",46.67,28.02,15.96
"1022",48.21,28.38,16.09
"1023",48.77,28.45,16.02
"1024",49.12,28.78,15.57
"1025",49.03,28.87,16.2
"1026",48.01,27.75,15.83
"1027",48.47,27.72,16.12
"1028",49.29,27.99,16.38
"1029",49.19,27.94,16.57
"1030",49.06,27.65,16.69
"1031",49.5,27.77,16.78
"1032",50.27,28.2,16.8
"1033",50.74,28.28,16.6
"1034",51.17,27.97,16.43
"1035",50.65,27.5,16.62
"1036",50.98,27.25,16.85
"1037",51.31,27.23,16.89
"1038",51.41,26.96,17.2
"1039",51.88,27.02,17.76
"1040",51.19,27.21,17.77
"1041",50.08,27.06,17.66
"1042",48.37,26.59,16.9
"1043",48.95,26.59,16.58
"1044",48.98,26.77,16.37
"1045",49.74,26.55,16.5
"1046",50.46,26.58,16.4
"1047",49.9,26.16,16.1
"1048",50.3,26.08,16.63
"1049",51.37,26.2,16.86
"1050",51.43,25.95,17.08
"1051",50.77,25.72,16.7
"1052",50.82,25.91,16.94
"1053",50.35,25.89,17.65
"1054",49.52,25.41,17.06
"1055",50.28,25.68,17.42
"1056",50.51,25.69,17.31
"1057",49.35,25.39,16.33
"1058",47.14,24.79,15.91
"1059",47.81,24.78,15.86
"1060",47.24,24.8,16.03
"1061",48.47,25.33,16.29
"1062",48.74,25.3,16.36
"1063",48.46,25.54,16.13
"1064",49.28,25.81,16.83
"1065",50.22,25.62,16.96
"1066",50.06,25.41,16.58
"1067",50.14,25.49,16.75
"1068",49.8,25.61,16.74
"1069",49.79,25.39,16.68
"1070",49.22,25.48,16.84
"1071",48.74,25.55,16.87
"1072",48.41,25.78,17.11
"1073",48.29,26.15,17.05
"1074",48.3,26.2,17
"1075",47.87,26.07,16.77
"1076",47.26,25.98,16.59
"1077",47.49,25.64,16.36
"1078",48.02,25.63,16.64
"1079",47.49,25.42,16.69
"1080",46.78,25.37,16.62
"1081",47.41,25.08,16.34
"1082",48.27,25.15,16.12
"1083",48.92,25.76,16.87
"1084",50.1,25.52,16.85
"1085",50.43,25.61,17.11
"1086",50.06,26.19,17.28
"1087",50.02,26.38,17.26
"1088",49.54,26.71,17.51
"1089",50.02,25.92,17.7
"1090",49.47,25.66,18.14
"1091",49.74,25.81,17.92
"1092",49.94,26.06,18.2
"1093",49.54,25.79,18.43
"1094",49.52,25.87,18.65
"1095",49.66,25.83,18.56
"1096",49.92,25.67,18.55
"1097",49.6,25.36,17.2
"1098",49.51,25.32,17.17
"1099",48.64,25.03,16.55
"1100",47.61,24.57,15.81
"1101",48.02,24.52,16
"1102",48.55,24.69,15.96
"1103",48.65,24.72,16.35
"1104",47.89,24.49,16.3
"1105",47.77,24.17,16.06
"1106",47.46,24.15,16.14
"1107",48.11,24.19,16.15
"1108",47.86,24.67,15.98
"1109",48.2,24.76,16.02
"1110",49.69,25.01,16.55
"1111",49.36,24.43,15.84
"1112",49.44,24.22,16.02
"1113",49.06,23.9,15.68
"1114",48.29,24.01,15.45
"1115",47.43,24.06,15.44
"1116",47.46,23.94,15.1
"1117",47.36,23.96,15.22
"1118",46.56,23.7,15.2
"1119",46.66,24.04,15.16
"1120",47.49,24.22,15.2
"1121",46.68,23.74,14.81
"1122",46.45,24,14.78
"1123",45.75,24.26,14.7
"1124",45.05,24.47,14.99
"1125",46.47,24.76,15.35
"1126",46.09,24.65,15.22
"1127",47.32,24.63,15.08
"1128",46.62,24.3,14.88
"1129",47.43,25.2,14.88
"1130",47.89,25.8,14.95
"1131",47.72,25.62,14.89
"1132",47.95,26,15.04
"1133",49.04,26.02,15.45
"1134",49.92,26.03,15.49
"1135",50.25,26.33,15.72
"1136",51.03,26.77,15.81
"1137",51.39,26.92,15.61
"1138",50.57,26.63,15.05
"1139",50.54,26.54,14.86
"1140",51.15,26.63,14.91
"1141",51.11,26.47,14.63
"1142",52.13,26.78,14.69
"1143",53.4,26.59,14.42
"1144",53.84,27.54,14.59
"1145",55.27,27.06,13.48
"1146",55.33,27.1,13.59
"1147",56.19,27.53,13.98
"1148",56.93,27.91,13.69
"1149",57.63,28.08,13.94
"1150",56.08,27.33,13.58
"1151",55.97,27.72,13.5
"1152",55.78,27.4,13.1
"1153",56.68,27.27,13.1
"1154",55.46,26.64,12.85
"1155",56.08,26.92,13.02
"1156",53.91,25.94,12
"1157",53.37,25.68,11.74
"1158",50.46,24.48,11.09
"1159",53.43,25.58,12.08
"1160",51.96,24.2,11.77
"1161",53.39,25.19,12.86
"1162",53.86,25.1,13.58
"1163",54.77,25.51,13.46
"1164",54.35,25.35,13.48
"1165",54.35,25.24,13.47
"1166",52.29,24.67,12.96
"1167",50.86,24.05,12.92
"1168",50.92,23.98,12.84
"1169",53.37,24.72,13.35
"1170",53.74,24.9,13.15
"1171",53.39,24.57,12.87
"1172",54.8,25.25,12.74
"1173",55.71,25.84,13.68
"1174",55.71,26.23,13.84
"1175",54.98,26.6,13.61
"1176",54.43,26.21,13.35
"1177",53.44,25.8,12.87
"1178",54.25,25.51,12.91
"1179",54.85,26,13.61
"1180",54.88,26.22,14.44
"1181",53.93,25.74,14.48
"1182",54.28,25.89,14.26
"1183",54.95,26.04,14.26
"1184",55.61,26.5,14.55
"1185",56.14,26.99,14.89
"1186",57.21,27.12,14.97
"1187",58.8,27.21,14.61
"1188",59.06,26.98,14.36
"1189",58.88,25.99,13.96
"1190",57.4,25.06,13.99
"1191",57.76,25.06,14.71
"1192",57.6,25.44,14.75
"1193",57.04,25.67,14.54
"1194",56.72,25.58,14.19
"1195",55.8,25.45,13.42
"1196",54.47,24.89,13.17
"1197",53.51,24.53,13.53
"1198",53.21,25.34,14.46
"1199",54.04,25.89,15.92
"1200",53.91,26.34,15.65
"1201",52.83,26.25,15.47
"1202",55.54,26.94,15.84
"1203",57.18,27,15.86
"1204",57.46,26.96,15.77
"1205",58.35,27.18,15.93
"1206",60.29,27.27,15.91
"1207",60,26.98,15.7
"1208",60.32,27.31,15.47
"1209",56.95,27.13,15.94
"1210",56.47,27.04,16.18
"1211",56.12,27.16,16.12
"1212",57.97,27.19,16.71
"1213",56.82,26.81,16.24
"1214",57.23,26.59,16.3
"1215",57.81,27.25,16.63
"1216",57.85,26.98,16.56
"1217",57.83,26.63,15.64
"1218",56.64,25.99,14.93
"1219",56.77,26.01,15.1
"1220",57.58,26.53,15.48
"1221",57.18,26.25,15.24
"1222",57.1,26.8,15.69
"1223",58.03,27.16,15.97
"1224",56.47,26.2,15.92
"1225",55.03,26.28,15.95
"1226",54.95,26.91,16.27
"1227",54.18,26.76,16
"1228",55.55,26.74,15.93
"1229",54.97,26.07,15.72
"1230",53.92,25.54,15.34
"1231",53.56,25.3,15.38
"1232",52.72,25,14.99
"1233",53.79,24.79,14.97
"1234",52.43,24.47,14.94
"1235",51.94,24.3,15.1
"1236",53.73,24.87,15.35
"1237",53.31,24.84,15.7
"1238",54.6,25.58,15.71
"1239",55.42,25.28,16.23
"1240",55.67,25.22,16.05
"1241",56.14,25.7,15.89
"1242",55.85,25.66,15.84
"1243",55.58,25.6,15.62
"1244",55.81,25.4,15.61
"1245",56.23,25.7,15.94
"1246",55.98,25.51,15.47
"1247",55.54,25.76,15.42
"1248",54.31,25.59,15.02
"1249",54.13,25.56,15.16
"1250",54.43,26,14.96
"1251",54.6,25.53,14.62
"1252",56.56,26.02,15.11
"1253",56.64,25.76,15.99
"1254",56.94,25.81,16
"1255",57.62,26.03,16.19
"1256",58.08,26.04,16.09
"1257",57.52,25.82,15.78
"1258",57.87,26.02,16.13
"1259",57.86,25.96,16.13
"1260",58.75,26.76,16.28
"1261",59.06,27.4,15.78
"1262",59.72,27.68,15.64
"1263",60.34,28.1,15.52
"1264",60.25,27.74,15.46
"1265",60.46,27.84,15.51
"1266",60.36,27.72,15.53
"1267",60.2,28,15.66
"1268",59.97,28.25,15.48
"1269",60.67,28.26,15.43
"1270",61.3,28.23,15.92
"1271",61.11,28.12,16.12
"1272",60.04,29.71,15.96
"1273",61.06,29.73,15.68
"1274",60.06,29.34,15.69
"1275",63.81,29.56,15.56
"1276",63.52,29.5,15.53
"1277",63.9,29.23,15.74
"1278",64.72,29.61,15.55
"1279",65.21,29.53,15.47
"1280",65.17,29.89,15.73
"1281",65.02,29.95,15.72
"1282",65.67,30.24,15.92
"1283",66.28,30.2,15.82
"1284",66.98,30.35,15.83
"1285",68.1,30.66,15.78
"1286",70.45,30.77,16
"1287",70.49,30.5,16.14
"1288",71.8,30.58,16.12
"1289",72.78,30.25,15.36
"1290",71.1,30.05,15.12
"1291",71.74,31.28,15.36
"1292",71.73,31.25,15.01
"1293",73.55,31.44,14.75
"1294",73.29,31.27,14.5
"1295",73.77,31.37,14.78
"1296",74.63,31.48,14.89
"1297",75.11,31.35,14.86
"1298",76.49,31.87,14.9
"1299",77.49,31.74,14.83
"1300",77.78,32.29,14.93
"1301",77.88,32.08,14.72
"1302",76.17,31.8,14.62
"1303",75.75,31.56,14.42
"1304",75.81,31.84,14.62
"1305",77.43,32.01,14.62
"1306",77.88,31.99,14.63
"1307",78.86,32.04,14.49
"1308",81.16,32.67,14.55
"1309",84.23,32.77,14.63
"1310",83.65,32.85,14.88
"1311",83.65,32.6,15.18
"1312",85.87,32.2,15.15
"1313",86.57,31.99,15.41
"1314",86.07,31.91,15.51
"1315",85.62,32,15.48
"1316",85.15,32.01,15.38
"1317",86.71,32.59,15.54
"1318",87.78,32.52,15.43
"1319",88.23,32.19,15.32
"1320",87.12,32.12,15.3
"1321",85.65,32.26,15.22
"1322",88.38,32.29,15.46
"1323",89.9,31.94,15.18
"1324",89.19,31.21,15.27
"1325",90.53,31.52,15.06
"1326",90.89,31.1,15.1
"1327",89.78,30.47,14.99
"1328",89.46,30.34,14.88
"1329",88.97,30.98,15.06
"1330",86.46,30.81,14.87
"1331",82.88,31.08,14.78
"1332",87.1,31.44,15.01
"1333",86.91,31.14,15.49
"1334",83.92,31.01,15.4
"1335",81.85,32.42,15.6
"1336",81.67,32.12,15.33
"1337",80.04,31.92,15.43
"1338",87.14,32.2,15.5
"1339",86.81,32.11,15.53
"1340",86.14,31.98,15.57
"1341",83.43,32.02,15.54
"1342",83.16,32.01,15.63
"1343",83.71,31.8,15.67
"1344",83.12,31.76,15.4
"1345",80.75,30.98,15.15
"1346",81.35,30.65,15.35
"1347",81.17,30.5,15.36
"1348",81.31,30.76,15.3
"1349",81.5,30.74,15.44
"1350",80.96,31.16,15.19
"1351",79.75,30.68,15.5
"1352",79.02,30.21,15.4
"1353",78.01,29.9,15.28
"1354",75.73,29.72,14.87
"1355",75.77,29.27,15.42
"1356",80.18,29.75,15.58
"1357",79.57,29.76,15.29
"1358",81.51,29.11,15.38
"1359",80.76,29.07,15.35
"1360",80.33,29.06,15.36
"1361",81.75,29.56,15.47
"1362",82.74,29.34,15.25
"1363",82.53,29.19,15.24
"1364",80.14,28.45,14.92
"1365",80.61,28.55,15.01
"1366",80.4,28.5,15.1
"1367",81.64,29.35,15.36
"1368",81.67,29.23,15.36
"1369",82.9,29.65,15.65
"1370",81.6,28.9,15.3
"1371",82.31,29.29,15.47
"1372",81.74,29.13,15.34
"1373",81.65,29.34,15.36
"1374",82.02,30.02,15.36
"1375",83.68,29.84,15.49
"1376",83.92,30.7,15.65
"1377",83.68,30.93,15.74
"1378",82.52,30.14,15.52
"1379",83.16,30.7,15.61
"1380",81.54,29.86,15.44
"1381",81.72,30.02,15.34
"1382",82.07,30.17,15.52
"1383",81.29,29.91,15.45
"1384",83.43,30.59,15.83
"1385",84.65,30.56,15.84
"1386",85.63,30.76,15.98
"1387",87.13,30.7,15.85
"1388",86.55,30.18,15.78
"1389",87.7,30,15.75
"1390",86.89,29.74,15.82
"1391",86.35,29.3,15.8
"1392",85.56,28.63,15.69
"1393",86.42,29.39,15.74
"1394",86.7,29.44,15.64
"1395",86.71,29.66,15.6
"1396",86.61,30.45,15.7
"1397",87.76,30.66,15.72
"1398",86.33,30.12,15.92
"1399",86.26,29.28,15.76
"1400",85.85,29.15,15.43
"1401",82.14,28.83,15.5
"1402",82.13,29.16,15.8
"1403",83.59,29.76,16.11
"1404",85,29.64,15.98
"1405",87.25,29.47,15.84
"1406",86.69,29.41,15.99
"1407",86.83,29.19,15.74
"1408",87.96,29.75,15.97
"1409",88.94,29.95,16.04
"1410",88.7,30.26,16.22
"1411",88.55,30.33,16.17
"1412",88.68,30.5,16.01
"1413",88.81,30.42,15.15
"1414",90,30.39,15.02
"1415",90.24,30.13,14.73
"1416",90.12,30.2,14.76
"1417",90.91,30.78,14.99
"1418",92.59,30.9,15.03
"1419",95.02,30.74,14.96
"1420",93.72,30.8,14.97
"1421",95.55,30.54,14.92
"1422",94.66,30.26,14.86
"1423",94.75,30.56,14.92
"1424",96.53,30.69,14.85
"1425",96.4,30.63,14.72
"1426",96.21,30.65,14.84
"1427",94.84,30.32,14.67
"1428",95.03,30.82,14.65
"1429",96.42,30.38,14.89
"1430",95.75,30.39,15.09
"1431",96.61,31.34,15.11
"1432",97.21,30.95,15.22
"1433",94.68,30.72,15.11
"1434",94.37,30.79,15.16
"1435",95.68,30.78,15.4
"1436",97.57,30.94,15.6
"1437",98.75,31.21,15.77
"1438",99.97,31.21,15.68
"1439",100.27,31.18,15.9
"1440",100.3,31.05,15.86
"1441",99.81,31.45,15.79
"1442",100.01,31.19,15.74
"1443",98.68,30.78,16
"1444",96.22,30.39,15.68
"1445",95.03,30.16,15.61
"1446",97.33,30.16,16.04
"1447",95.3,29.76,15.98
"1448",94.2,29.49,15.82
"1449",94.47,29.66,15.94
"1450",95.92,29.86,16.21
"1451",95.26,30.03,16.27
"1452",93.23,29.85,16.09
"1453",91.17,29.78,16.03
"1454",90.84,29.28,15.85
"1455",91.56,28.98,15.83
"1456",89.7,28.95,15.92
"1457",89.96,29.2,15.88
"1458",90.68,29.51,15.68
"1459",92.83,29.49,15.92
"1460",92.09,29.59,16.09
"1461",90.38,29.5,16
"1462",87.12,28.64,15.84
"1463",90.58,28,15.77
"1464",87.62,28.05,16.67
"1465",88.12,27.9,16.55
"1466",87.08,27.88,16.61
"1467",86.29,28.21,16.79
"1468",85.05,28.54,16.84
"1469",85.22,29.52,16.95
"1470",82.4,29.5,17.11
"1471",83.52,29.63,17.37
"1472",83.26,29.86,17.46
"1473",79.71,29.08,17.39
"1474",76.82,28.81,17.24
"1475",78.15,28.83,17.26
"1476",77.55,28.22,17.51
"1477",77.56,27.09,17.85
"1478",76.7,26.84,17.82
"1479",75.09,26.66,17.89
"1480",75.38,26.52,17.86
"1481",80.82,26.73,18.36
"1482",80.13,26.71,18.24
"1483",80.24,26.95,18.4
"1484",81.64,27.7,18.57
"1485",84.22,27.38,18.76
"1486",83.54,27.08,18.93
"1487",83.28,27.36,18.91
"1488",84.19,26.95,18.87
"1489",83.61,26.62,18.77
"1490",83.74,26.43,18.55
"1491",82.26,26.37,18.93
"1492",76.97,26.67,18.89
"1493",78.18,26.72,19.2
"1494",76.18,26.46,19.2
"1495",75.69,26.94,19.43
"1496",77.34,27.32,19.52
"1497",77,27.24,19.38
"1498",75.67,27.11,19.35
"1499",72.83,26.81,19.64
"1500",74.12,27.1,19.69
"1501",76.27,27.56,19.62
"1502",75.19,27.31,19.6
"1503",74.53,27.68,19.69
"1504",74.19,27.45,19.35
"1505",74.31,27.06,19.65
"1506",73.29,26.86,19.57
"1507",73.58,26.96,19.6
"1508",72.8,26.55,19.5
"1509",76.02,26.71,19.9
"1510",78.43,27.62,20.08
"1511",77.44,27.25,19.78
"1512",75.29,26.74,19.86
"1513",74.8,26.69,19.4
"1514",75.04,26.55,19.66
"1515",73.87,26.7,19.33
"1516",74.79,26.46,18.99
"1517",74.33,26.83,19.29
"1518",71.68,26.89,19.43
"1519",69.42,27.21,19.52
"1520",72.3,27.04,20.07
"1521",71.81,27.25,20.13
"1522",71.43,27.25,20.02
"1523",72.11,27.15,19.9
"1524",73.43,27.61,20.11
"1525",64.36,27.63,20.44
"1526",62.84,27.88,20.37
"1527",64.26,27.91,20.31
"1528",65.47,28.01,19.7
"1529",65.26,27.85,20.12
"1530",65.07,27.45,19.63
"1531",64.8,27.93,19.76
"1532",63.19,27.44,19.34
"1533",65.41,27.5,19.66
"1534",65.34,27.34,19.85
"1535",66.89,27.28,20.32
"1536",67.85,27.55,20.5
"1537",68.56,27.86,20.9
"1538",66.84,27.88,21.21
"1539",66.72,28.03,21.15
"1540",66.66,28.04,21.18
"1541",65.74,28.01,21.02
"1542",65.71,28.04,21.29
"1543",64.12,27.87,20.92
"1544",63.72,27.49,20.83
"1545",64.4,27.76,21.22
"1546",63.26,27.37,20.73
"1547",64.14,27.37,20.76
"1548",63.51,27.81,21.16
"1549",63.06,27.8,21.3
"1550",61.5,27.95,21.94
"1551",60.01,28.15,22.7
"1552",61.59,28.35,22.95
"1553",60.81,28.09,22.8
"1554",61.51,28.14,22.7
"1555",61.67,28,22.9
"1556",62.55,27.87,22.6
"1557",61.2,27.91,22.4
"1558",61.19,27.92,22.34
"1559",61.79,28.14,22.43
"1560",63.38,28.04,22.07
"1561",65.1,28.1,22.01
"1562",64.93,28.18,22.17
"1563",64.58,28.32,22.1
"1564",64.68,28.11,22.86
"1565",65.99,28.25,23.26
"1566",66.23,28.16,23.38
"1567",65.88,28.16,23.59
"1568",64.58,28.37,23.59
"1569",63.24,28.6,23.53
"1570",61.27,28.61,23.5
"1571",61.4,28.8,23.78
"1572",61.71,28.56,23.38
"1573",61.1,28.6,23.52
"1574",60.46,28.7,23.3
"1575",60.89,28.59,23.48
"1576",61,29.61,23.83
"1577",62.24,30.28,24.2
"1578",62.05,28.94,24.48
"1579",61.4,28.79,24.69
"1580",59.98,28.69,23.98
"1581",60.89,28.97,23.79
"1582",57.54,28.82,23.7
"1583",56.01,28.79,23.26
"1584",55.79,29.76,23.47
"1585",56.95,30.83,23.95
"1586",58.02,30.6,24.38
"1587",57.92,31.76,24.75
"1588",58.34,31.94,25.2
"1589",59.6,31.79,24.68
"1590",61.45,32.61,24.43
"1591",63.25,33.1,24.73
"1592",62.76,32.72,24.3
"1593",63.65,33.16,24.97
"1594",64.28,33.49,25.07
"1595",65.82,33.75,25.17
"1596",65.52,33.31,26.07
"1597",66.26,32.99,26.41
"1598",65.25,32.66,26.24
"1599",64.71,32.69,26.83
"1600",64.96,33.03,26.39
"1601",63.41,33.53,26.64
"1602",61.26,33.84,27.34
"1603",62.08,34.08,26.58
"1604",61.89,34.87,26.52
"1605",63.28,35.08,26.58
"1606",62.81,34.85,27
"1607",63.05,34.61,26.54
"1608",63.16,34.15,26.02
"1609",63.59,34.27,26.33
"1610",63.06,35.02,26.07
"1611",63.56,34.88,25.81
"1612",64.51,35.03,26.33
"1613",64.25,34.9,26.3
"1614",64.39,35.59,26.39
"1615",64.19,34.99,26.26
"1616",63.59,34.78,25.75
"1617",62.64,34.96,26.21
"1618",63.12,35.67,27.04
"1619",62.7,35.47,26.74
"1620",62.51,34.84,26.4
"1621",61.74,35,25.89
"1622",62.28,34.72,26.37
"1623",61.44,34.4,26.28
"1624",61.71,35,26.54
"1625",61.68,34.98,26.66
"1626",60.43,34.59,26.24
"1627",59.55,33.49,25.35
"1628",59.07,33.26,25.19
"1629",57.51,33.72,24.06
"1630",57.52,33.67,24.96
"1631",56.87,34.35,25.28
"1632",56.25,34.62,25.47
"1633",56.65,34.54,25.13
"1634",58.46,34.36,25.24
"1635",59.78,33.94,24.99
"1636",60.11,34.01,25.59
"1637",59.63,34.21,25.68
"1638",59.29,34.32,25.52
"1639",60.34,34.35,26.68
"1640",60.1,34.7,26.56
"1641",61.04,35.68,27.04
"1642",60.93,35.67,27.23
"1643",61.06,36.17,27.34
"1644",61.46,36.27,26.88
"1645",61.47,35.74,29.66
"1646",61.68,35.44,29.66
"1647",60.71,31.4,29.11
"1648",60.9,32.01,27.86
"1649",59.86,31.82,27.36
"1650",62.93,31.96,27.84
"1651",62.64,31.39,28.27
"1652",63,31.62,28.11
"1653",63.97,31.54,27.93
"1654",64.76,31.85,28.05
"1655",64.65,31.84,28.09
"1656",65.24,31.67,27.96
"1657",66.08,31.89,27.65
"1658",67.06,31.7,27.67
"1659",66.46,31.58,27.32
"1660",66.43,32.06,27.39
"1661",65.86,32.89,27.48
"1662",64.92,32.7,27.68
"1663",66.77,32.87,28.35
"1664",69.94,32.23,28.34
"1665",71.21,32.35,28.05
"1666",71.13,31.79,27.14
"1667",71.76,31.8,27.32
"1668",72.53,31.39,26.91
"1669",71.58,31.62,27.12
"1670",71.77,31.61,27.06
"1671",71.85,32.39,27.9
"1672",71.57,34.75,27.99
"1673",71.85,34.15,27.7
"1674",69.8,33.26,27
"1675",70.13,33.02,27.11
"1676",70.24,33.55,27.3
"1677",69.6,33.4,27.12
"1678",69.8,31.88,27.78
"1679",71.24,31.2,28.07
"1680",70.75,31.24,28.23
"1681",71.17,31.15,28.17
"1682",72.31,31.66,29.24
"1683",70.66,32.39,29.48
"1684",66.82,32.74,29.19
"1685",67.53,32.69,29.65
"1686",66.41,33.03,29.26
"1687",64.3,32.8,29.62
"1688",65.05,32.93,30
"1689",66.38,33.32,30.44
"1690",67.47,33.64,31.03
"1691",66.77,32.79,30.92
"1692",70.09,32.74,30.26
"1693",69.87,32.46,31.27
"1694",68.79,32.5,31.34
"1695",69.46,32.77,32.75
"1696",68.96,33.27,33.55
"1697",68.11,33.28,33.17
"1698",69.71,33.58,34.31
"1699",69.94,33.92,34.14
"1700",69.06,33.86,33.88
"1701",69,33.88,34.89
"1702",69.68,33.3,34.14
"1703",68.71,33.01,32.93
"1704",69.51,33.07,33.01
"1705",69.95,33.76,33.87
"1706",70.4,34.13,34.15
"1707",70.86,34.45,34
"1708",71.24,34.49,33.38
"1709",71.59,34.64,33.09
"1710",72.07,34.92,32.74
"1711",72.7,34.96,33.43
"1712",74.48,34.99,34.06
"1713",74.27,34.58,33.94
"1714",74.99,33.76,33.1
"1715",75.99,33.72,33.08
"1716",75.14,35.73,32.25
"1717",75.7,35.57,32.35
"1718",73.81,35.52,33.17
"1719",74.98,35.54,32.57
"1720",74.67,35.4,32.94
"1721",74.29,35.52,33.18
"1722",75.25,35.94,33.19
"1723",75.06,36.64,32.97
"1724",74.42,38.18,32.88
"1725",73.21,37.5,32.11
"1726",74.37,37.78,33.12
"1727",74.15,37.59,33.82
"1728",74.29,37.36,34.07
"1729",74.38,38.16,35.1
"1730",75.45,38.02,35.69
"1731",75,37.84,35.47
"1732",74.09,37.2,34.98
"1733",74.22,36.74,34.63
"1734",73.57,37.08,35.62
"1735",74.45,37.4,36.3
"1736",74.26,37.57,36.49
"1737",74.82,37.64,36.29
"1738",76.2,37.35,36.64
"1739",77.99,37.6,36.96
"1740",79.44,38.13,36.98
"1741",78.75,38.45,37.01
"1742",80.9,38.31,36.56
"1743",80.71,38.94,38.13
"1744",81.13,38,38.87
"1745",80,38.36,38.86
"1746",80.92,38.7,38.87
"1747",80.79,38.11,40.22
"1748",80.19,37.61,39.16
"1749",80.08,37.22,39.35
"1750",79.2,36.69,39.73
"1751",79.64,36.88,39.73
"1752",79.28,36.52,39.51
"1753",78.68,36.58,40.04
"1754",77.78,36.25,40.2
"1755",78.43,36.8,40.12
"1756",81.44,36.62,40.77
"1757",81.1,37.08,40.85
"1758",80.56,37.44,40.65
"1759",80.01,37.29,40.49
"1760",79.22,37.29,40.2
"1761",80.15,37.41,40.44
"1762",79.02,37.16,39.59
"1763",77.28,36.91,40.12
"1764",77.7,36.13,39.93
"1765",77.15,36.41,40.92
"1766",77.64,35.76,41.02
"1767",76.65,35.53,40.92
"1768",76.13,36.04,41.23
"1769",76.53,34.98,39.99
"1770",78.06,35.78,41.14
"1771",79.62,36.76,41.07
"1772",79.18,36.89,40.34
"1773",77.24,36.38,40.01
"1774",78.44,36.17,39.52
"1775",78.79,35.93,40.18
"1776",79.45,36.06,39.39
"1777",78.01,36.8,37.91
"1778",78.64,36.03,36.65
"1779",72.36,36.27,38.22
"1780",71.54,36.66,34.89
"1781",71.4,36.86,35.31
"1782",71.51,37.84,36.01
"1783",71.65,36.48,34.9
"1784",72.68,36.35,35.66
"1785",73.23,35.82,35.49
"1786",73.22,36.18,36.24
"1787",74.24,36.56,37.23
"1788",75.57,36.8,37.76
"1789",76.57,37.18,38.5
"1790",76.56,37.47,38.11
"1791",77.78,37.61,38.52
"1792",77.71,37.62,38.23
"1793",78,37.42,38.3
"1794",76.77,37.51,37.81
"1795",75.88,37.75,37.79
"1796",75.04,37.98,37.29
"1797",75.36,37.69,37.42
"1798",74.58,37.54,37.26
"1799",73.91,37.47,37.62
"1800",75.38,37.86,38.47
"1801",75.18,38.31,38.67
"1802",75.39,37.78,38.25
"1803",75.89,38.41,39.63
"1804",76.05,38.11,39.5
"1805",75.82,38.15,39.66
"1806",75.78,37.9,38.7
"1807",75.85,37.82,38.05
"1808",76.58,38.02,37.56
"1809",76.66,38.27,37.5
"1810",75.81,37.89,37.23
"1811",74.96,37.7,37.6
"1812",75.25,38.05,39.11
"1813",75.91,39.55,39.45
"1814",75.89,39.27,38.61
"1815",75.53,40.33,37.77
"1816",76.12,40.16,37.94
"1817",77.03,40.5,36.68
"1818",77.86,40.34,35.93
"1819",77.11,39.79,35.45
"1820",76.78,39.36,35.59
"1821",76.69,40.3,35.9
"1822",76.68,40.99,35.9
"1823",77.38,41.42,36.49
"1824",77.51,41.35,36.64
"1825",76.97,41.01,35.76
"1826",75.97,39.87,34.26
"1827",74.78,39.8,33.07
"1828",74.78,39.82,33.83
"1829",75.76,40.47,34.87
"1830",74.78,39.36,33.4
"1831",74.23,39.21,32.87
"1832",74.53,39.18,33.44
"1833",73.99,39.75,34.21
"1834",74.14,40.4,36.35
"1835",74.99,40.01,36.38
"1836",75.88,39.94,36.4
"1837",75.96,39.99,36.14
"1838",74.96,39.69,35.44
"1839",81.11,39.86,35.24
"1840",81.71,39.91,34.48
"1841",84.87,40.87,33.99
"1842",84.62,40.51,35.83
"1843",84.3,40.4,35.95
"1844",84.5,40,36.51
"1845",84.65,39.69,36.87
"1846",85.85,39.43,36.91
"1847",84.92,39.06,36.49
"1848",84.62,39.42,34.07
"1849",84,39.64,33.92
"1850",83.65,39.54,33.76
"1851",84.69,39.97,34.45
"1852",84.82,40.42,34.4
"1853",84.84,40.24,34.17
"1854",84.12,39.6,33.8
"1855",85.36,39.83,33.41
"1856",86.37,39.75,33.89
"1857",86.39,39.68,33.87
"1858",86.62,40.35,34.36
"1859",86.75,40.1,34.7
"1860",87.73,40.12,35.02
"1861",89.38,40.19,35.12
"1862",89.14,40.01,34.78
"1863",90.77,40.34,34.9
"1864",90.43,40.94,34.65
"1865",89.81,40.79,34.87
"1866",91.08,40.29,34.65
"1867",92.12,40.32,34.73
"1868",92.48,41.21,34.94
"1869",92.22,41.48,35.92
"1870",93.7,41.27,36.04
"1871",94.25,41.11,36.31
"1872",93.86,40.86,36.63
"1873",92.29,40.58,36.78
"1874",91.28,41.23,36.94
"1875",92.2,41.5,34.81
"1876",92.08,41.68,34.43
"1877",92.18,41.65,34.94
"1878",91.86,41.51,34.68
"1879",90.91,41.68,34.05
"1880",90.83,41.99,33.64
"1881",90.28,41.74,33.48
"1882",90.36,42.03,33.25
"1883",90.9,41.72,33.66
"1884",91.98,42.25,34.25
"1885",92.93,41.7,35.13
"1886",93.52,41.87,35.35
"1887",93.48,41.9,35.88
"1888",94.03,41.8,36.14
"1889",95.97,41.99,35.52
"1890",95.35,41.78,34.53
"1891",95.39,41.67,34.85
"1892",95.04,41.68,34.93
"1893",95.22,42.09,35.43
"1894",96.45,42.14,35.7
"1895",95.32,42.45,35.61
"1896",94.78,44.08,33.79
"1897",93.09,44.53,33.21
"1898",94.43,44.69,33.33
"1899",93.94,44.84,33.28
"1900",94.72,44.83,33.6
"1901",97.19,44.87,34.71
"1902",97.03,44.4,36.17
"1903",97.67,44.5,36.12
"1904",99.02,43.97,35.9
"1905",98.38,43.88,35.68
"1906",98.15,43.58,36.6
"1907",95.6,43.16,35.81
"1908",96.13,42.86,35.62
"1909",95.59,43.37,36.54
"1910",95.12,43.08,35.7
"1911",94.96,42.74,35.79
"1912",94.48,43.23,35.66
"1913",94.74,43.2,35.91
"1914",95.99,43.2,35.79
"1915",95.97,43.52,35.52
"1916",97.24,44.08,36.19
"1917",97.5,44.27,36.36
"1918",97.98,44.79,36.47
"1919",99.16,45.11,37.38
"1920",100.53,45.33,37.83
"1921",100.57,44.95,37.5
"1922",100.58,45.22,37.64
"1923",101.32,45.15,38.01
"1924",101.54,45.17,37.71
"1925",100.89,45,37.79
"1926",102.13,44.87,38.18
"1927",102.25,44.88,38.31
"1928",102.5,45.43,38.51
"1929",103.3,45.09,39.27
"1930",98.94,44.96,38.87
"1931",98.12,45.26,39.19
"1932",98.97,45.91,39.59
"1933",98.36,46.47,41.81
"1934",97.99,46.76,40.78
"1935",101,46.84,41.14
"1936",101.43,47,41.26
"1937",101.66,46.7,42.88
"1938",101.63,46.24,42.55
"1939",100.86,46.76,42.71
"1940",101.58,46.52,42.59
"1941",101.79,46.68,42.08
"1942",100.96,47.52,40.93
"1943",101.06,47.06,38.65
"1944",102.64,46.56,39.05
"1945",101.75,47.08,39.88
"1946",97.87,46.04,38.95
"1947",100.75,46.41,40.66
"1948",100.11,46.44,40.52
"1949",100.75,46.36,40.75
"1950",99.18,45.9,40.32
"1951",99.9,45.76,40.5
"1952",99.62,46.09,41.03
"1953",99.62,46.09,41.52
"1954",98.75,45.53,40.93
"1955",100.8,46.78,41.08
"1956",101.02,45.85,41.1
"1957",100.73,44.03,39.6
"1958",99.81,43.65,38.38
"1959",98.75,43.73,37.97
"1960",97.54,43.22,37.82
"1961",96.26,42.74,38.12
"1962",97.67,43.63,38.45
"1963",99.76,44.08,39.28
"1964",102.47,44.88,40.18
"1965",102.99,44.38,42
"1966",104.83,45.02,42.6
"1967",105.22,46.13,43.5
"1968",105.11,45.91,44.7
"1969",106.74,46.49,45.87
"1970",107.34,46.62,45.43
"1971",106.98,46.05,45.63
"1972",108,46.95,46.05
"1973",109.4,47.44,46.34
"1974",108.6,47.57,47.08
"1975",108.86,47.86,47.46
"1976",108.7,48.7,47.93
"1977",109.01,48.68,48.55
"1978",108.83,48.89,49.41
"1979",109.7,48.87,49.05
"1980",111.25,48.78,50.6
"1981",112.82,49.61,50.5
"1982",114.18,49.58,51.75
"1983",113.99,49.46,52.37
"1984",115.47,48.74,51.75
"1985",114.67,48.22,50.58
"1986",116.31,48.7,51.25
"1987",116.47,47.98,51.04
"1988",118.62,47.59,51.83
"1989",117.6,47.47,51.72
"1990",119,47.75,51.93
"1991",118.93,47.81,51.74
"1992",115.07,48.62,50.1
"1993",114.63,48.46,50.67
"1994",115.93,48.08,50.28
"1995",115.49,48.84,50.41
"1996",115,48.42,50.99
"1997",112.4,47.7,49.62
"1998",114.12,47.59,50.51
"1999",111.95,46.9,49.2
"2000",111.62,47.17,49.94
"2001",109.73,46.95,50.24
"2002",108.22,46.67,49.82
"2003",106.74,45.16,48.85
"2004",109.41,45.74,50.12
"2005",112.65,47.52,50.91
"2006",111.78,47.66,50.88
"2007",112.94,47.98,51.15
"2008",112.54,48.45,50.02
"2009",112.01,48.14,50.65
"2010",113.99,47.88,50.86
"2011",113.91,47.45,50.53
"2012",112.52,47.02,51.22
"2013",110.38,46.45,50.51
"2014",109.33,46.76,50.17
"2015",106.25,46.32,49.13
"2016",106.26,45.65,49.21
"2017",107.75,46.23,48.59
"2018",111.89,47.59,50.23
"2019",112.01,47.19,49.72
"2020",109.25,46.6,48.8
"2021",110.22,46.36,48.3
"2022",109.8,45.96,47.51
"2023",106.82,45.48,46.23
"2024",105.99,46.24,46.47
"2025",108.72,46.39,47.63
"2026",109.55,45.92,48.18
"2027",112.4,47.13,48.89
"2028",112.98,47.18,48.95
"2029",113.1,47.01,49.44
"2030",109.14,42.66,47.99
"2031",115.31,41.19,46.46
"2032",118.9,42.01,43.73
"2033",117.16,40.4,43.99
"2034",118.63,41.28,44.68
"2035",118.65,41.6,44.7
"2036",119.56,41.84,44.04
"2037",119.94,42.45,43.54
"2038",118.93,42.41,42.94
"2039",119.72,42.36,42.57
"2040",122.02,42.6,43.07
"2041",124.88,42.38,42.96
"2042",126.46,43.09,43.92
"2043",127.08,43.87,44.42
"2044",127.83,43.58,43.53
"2045",128.72,43.53,43.65
"2046",128.45,43.5,44.37
"2047",129.5,43.86,44.11
"2048",133,44.15,43.53
"2049",132.17,44.09,43.38
"2050",128.79,43.99,44.43
"2051",130.42,44.06,44.45
"2052",128.46,43.85,44.28
"2053",129.09,43.88,44.11
"2054",129.36,43.28,42.62
"2055",128.54,43.06,43.99
"2056",126.41,43.11,44.16
"2057",126.6,42.36,43.44
"2058",127.14,42.85,42.98
"2059",124.51,42.03,42.68
"2060",122.24,41.98,42.5
"2061",124.45,41.02,42.95
"2062",123.59,41.38,42.87
"2063",124.95,41.56,43.51
"2064",127.04,41.7,43.78
"2065",128.47,42.5,44.67
"2066",127.5,42.28,44.98
"2067",125.9,42.88,45.04
"2068",127.21,42.86,44.72
"2069",126.69,42.9,44.42
"2070",123.38,41.46,44.2
"2071",124.24,41.21,44.47
"2072",123.25,40.97,45.1
"2073",126.37,40.96,44.95
"2074",124.43,40.66,44.44
"2075",124.25,40.72,44.13
"2076",125.32,40.29,44.15
"2077",127.35,41.54,43.67
"2078",126.01,41.53,43.61
"2079",125.6,41.42,45.17
"2080",126.56,41.48,45.63
"2081",127.1,41.72,45.18
"2082",126.85,41.76,44.77
"2083",126.3,41.65,45.52
"2084",126.78,42.26,45.73
"2085",126.17,42.16,45.78
"2086",124.75,41.62,44.45
"2087",127.6,42.9,44.66
"2088",126.91,42.64,44.49
"2089",128.62,42.98,43.98
"2090",129.67,43.34,43.7
"2091",130.28,47.87,44.52
"2092",132.65,48.03,44.36
"2093",130.56,49.16,44.34
"2094",128.64,49.06,43.28
"2095",125.15,48.64,42.56
"2096",128.95,48.66,42.51
"2097",128.7,48.24,42.04
"2098",125.8,47.6,41.3
"2099",125.01,46.28,41.66
"2100",125.26,46.7,43.87
"2101",127.62,47.75,44.09
"2102",126.32,47.37,43.6
"2103",125.86,47.35,43.84
"2104",126.01,47.62,44.4
"2105",128.95,48.72,44.95
"2106",128.77,48.3,44.75
"2107",130.19,48.01,44.36
"2108",130.07,47.58,40.98
"2109",130.06,47.58,42.79
"2110",131.39,47.42,43.68
"2111",132.54,46.9,43.48
"2112",129.62,46.59,42.85
"2113",132.04,47.61,43.38
"2114",131.78,47.45,43.07
"2115",130.28,46.86,42.94
"2116",130.54,47.23,43.35
"2117",129.96,46.92,43.15
"2118",130.12,46.85,43.21
"2119",129.36,46.36,42.88
"2120",128.65,46.14,42.81
"2121",127.8,45.73,42.01
"2122",127.42,45.65,41.63
"2123",128.88,46.61,42.06
"2124",128.59,46.44,40.94
"2125",127.17,45.97,40.52
"2126",126.92,45.48,40.47
"2127",127.6,45.83,40.64
"2128",127.3,45.97,40.96
"2129",127.88,46.72,40.91
"2130",126.6,46.1,40.51
"2131",127.61,46.23,40.73
"2132",127.03,45.91,40.65
"2133",128.11,45.64,40.94
"2134",127.5,45.65,41.06
"2135",126.75,45.26,40.06
"2136",124.53,44.37,38.91
"2137",125.42,44.15,39.29
"2138",126.6,44.44,39.33
"2139",126.44,44.4,39.38
"2140",126,44.39,38.61
"2141",125.69,44.3,38.23
"2142",122.57,44.24,37.23
"2143",120.07,44.52,37.61
"2144",123.28,44.61,37.92
"2145",125.66,45.54,38.76
"2146",125.61,45.62,38.63
"2147",126.82,45.76,38.38
"2148",128.51,46.66,38.91
"2149",129.62,46.62,39.68
"2150",132.07,46.92,39.54
"2151",130.75,47.28,39.73
"2152",125.22,45.54,39.24
"2153",125.16,46.11,39.21
"2154",124.5,45.94,38.85
"2155",122.77,45.35,37.84
"2156",123.38,45.34,37.72
"2157",122.99,46.29,37.67
"2158",122.37,46.88,37.42
"2159",121.3,46.7,36.67
"2160",118.44,46.81,36.69
"2161",114.64,47.54,37.12
"2162",115.4,47.58,37.25
"2163",115.13,46.62,36.46
"2164",115.52,46.74,36.67
"2165",119.72,47.33,37.15
"2166",113.49,46.41,36.03
"2167",115.24,46.74,34.49
"2168",115.15,46.73,35.93
"2169",115.96,47,36.24
"2170",117.16,47.32,36.1
"2171",116.5,47.27,35.69
"2172",115.01,46.61,35.19
"2173",112.65,45.66,34.1
"2174",105.76,43.07,32.93
"2175",103.12,41.68,31.31
"2176",103.74,40.47,31.74
"2177",109.69,42.71,32.52
"2178",112.92,43.9,33.69
"2179",113.29,43.93,33.14
"2180",112.76,43.52,32.24
"2181",107.72,41.82,31.6
"2182",112.34,43.36,31.77
"2183",110.37,43.5,32.54
"2184",109.27,42.61,31.58
"2185",112.31,43.89,30.9
"2186",110.15,43.07,31.52
"2187",112.57,43.29,31.15
"2188",114.21,43.48,31.43
"2189",115.31,43.04,30.32
"2190",116.28,43.98,31.04
"2191",116.41,44.3,31.4
"2192",113.92,44.25,30.93
"2193",113.45,43.48,30.74
"2194",115.21,44.11,31.17
"2195",113.4,43.9,30.4
"2196",114.32,43.87,29.74
"2197",115,43.91,29.34
"2198",114.71,43.94,29.13
"2199",112.44,43.29,27.6
"2200",109.06,43.44,28.26
"2201",110.3,44.26,28.91
"2202",109.58,44.61,28.91
"2203",110.38,45.57,30.71
"2204",110.78,46.63,30.85
"2205",111.31,46.75,30.96
"2206",110.78,46.8,31.87
"2207",109.5,47.45,32.37
"2208",112.12,47.11,32.52
"2209",111.6,47,32.86
"2210",111.79,46.89,32.34
"2211",110.21,46.68,32.09
"2212",111.86,47.01,33.48
"2213",111.04,47.51,33.37
"2214",111.73,47.62,33.5
"2215",113.77,47.77,32.83
"2216",113.76,47.2,31.12
"2217",115.5,48.03,31.67
"2218",119.08,52.87,33.17
"2219",115.28,54.25,33.4
"2220",114.55,53.69,34.3
"2221",119.27,53.98,35.18
"2222",120.53,53.36,35.05
"2223",119.5,52.64,35.62
"2224",121.18,53.24,35.27
"2225",122.57,54.15,34.72
"2226",122,54.4,35.07
"2227",120.92,54.38,35.12
"2228",121.06,54.92,34.2
"2229",120.57,54.16,33.68
"2230",116.77,53.51,33.99
"2231",116.11,53.65,33.38
"2232",115.72,53.32,33.23
"2233",112.34,52.84,32.19
"2234",114.18,53.76,32.94
"2235",113.69,52.97,32.86
"2236",117.29,53.85,32.98
"2237",118.78,53.94,32.62
"2238",119.3,54.19,33.11
"2239",117.75,54.19,33.36
"2240",118.88,54.25,32.96
"2241",118.03,53.69,33.16
"2242",117.81,53.93,32.94
"2243",118.3,54.35,33.81
"2244",117.34,55.22,33.71
"2245",116.28,55.21,35.65
"2246",115.2,54.2,34.34
"2247",119.03,55.91,34.91
"2248",118.28,55.81,34.68
"2249",118.23,55.79,34.85
"2250",115.62,54.98,34.4
"2251",116.17,55.27,34.63
"2252",113.18,54.06,32.91
"2253",112.48,55.14,32.59
"2254",110.49,55.2,33.03
"2255",111.34,56.13,33.78
"2256",108.98,55.7,33.23
"2257",106.03,54.13,32.95
"2258",107.33,54.83,32.96
"2259",107.23,55.35,34.19
"2260",108.61,55.82,34.45
"2261",108.03,55.67,34.11
"2262",106.82,55.95,33.6
"2263",108.74,56.55,34.04
"2264",107.32,56.31,33.37
"2265",105.26,55.48,33.26
"2266",105.35,54.8,31.4
"2267",102.71,55.05,32.2
"2268",100.7,54.05,32.16
"2269",96.45,52.17,30.16
"2270",96.96,52.33,30.63
"2271",98.53,52.3,30.17
"2272",99.96,52.78,30.69
"2273",97.39,51.64,29.44
"2274",99.52,53.11,30.32
"2275",97.13,50.99,29.14
"2276",96.66,50.56,29.74
"2277",96.79,50.79,28.78
"2278",96.3,50.48,29.31
"2279",101.42,52.29,29.75
"2280",99.44,51.79,29.78
"2281",99.99,52.17,29.98
"2282",93.42,51.22,29.69
"2283",94.09,52.06,28.75
"2284",97.34,55.09,29.51
"2285",96.43,54.71,29.57
"2286",94.48,53,29.06
"2287",96.35,52.16,27.68
"2288",96.6,52,29.15
"2289",94.02,50.16,27.97
"2290",95.01,49.41,27.05
"2291",94.99,49.28,26.82
"2292",94.27,49.71,27.1
"2293",93.7,49.69,26.76
"2294",93.99,50.5,27.04
"2295",96.64,51.09,29.28
"2296",98.12,52.42,29.37
"2297",96.26,52.19,29.42
"2298",96.04,51.82,30.04
"2299",96.88,52.65,31.17
"2300",94.69,51.18,30.67
"2301",96.1,51.36,30.95
"2302",96.76,52.1,31.36
"2303",96.91,51.3,31.37
"2304",96.69,50.88,31.79
"2305",100.53,52.58,32.8
"2306",100.75,52.95,32.91
"2307",101.5,52.35,32.88
"2308",103.01,52.03,33.86
"2309",101.87,51.03,33.96
"2310",101.03,51.65,32.93
"2311",101.12,52.84,33.51
"2312",101.17,52.05,32.82
"2313",102.26,53.07,33.81
"2314",102.52,53.17,33.58
"2315",104.58,53.59,33.26
"2316",105.97,54.35,34.01
"2317",105.8,54.66,34.28
"2318",105.92,53.49,35.17
"2319",105.91,53.86,35.47
"2320",106.72,54.07,35.41
"2321",106.13,53.97,34.8
"2322",105.67,54.21,34.86
"2323",105.19,53.54,35.23
"2324",107.68,54.71,36.32
"2325",109.56,55.05,36.56
"2326",108.99,55.23,36.81
"2327",109.99,55.57,36.48
"2328",111.12,55.43,37.02
"2329",109.81,54.56,36.41
"2330",110.96,55.12,36.66
"2331",108.54,54.46,36.17
"2332",108.66,54.42,36.07
"2333",109.02,54.31,36.48
"2334",110.44,54.65,36.66
"2335",112.04,55.35,37.31
"2336",112.1,55.36,37.17
"2337",109.85,55.65,36.51
"2338",107.48,56.46,36.52
"2339",106.91,56.39,36.33
"2340",107.13,55.59,37.84
"2341",105.97,55.78,37.67
"2342",105.68,51.78,37.48
"2343",105.08,52.11,37.23
"2344",104.35,51.44,37.11
"2345",97.82,50.94,36.95
"2346",94.83,49.9,36.59
"2347",93.74,49.87,36.6
"2348",93.64,50.61,36.53
"2349",95.18,49.78,36.01
"2350",94.19,49.87,36
"2351",93.24,49.94,36.94
"2352",92.72,50.39,37.23
"2353",92.79,50.07,37.18
"2354",93.42,51.02,37.44
"2355",92.51,51.05,37.37
"2356",90.34,51.51,37.03
"2357",90.52,51.08,36.48
"2358",93.88,51.83,37.48
"2359",93.49,50.51,37.27
"2360",94.56,50.81,37.24
"2361",94.2,50.32,37.02
"2362",95.22,50.62,36.5
"2363",96.43,50.03,36.66
"2364",97.9,51.59,37.53
"2365",99.62,52.12,35.59
"2366",100.41,51.89,36.76
"2367",100.35,52.32,37.82
"2368",99.86,53,37.94
"2369",98.46,52.85,36.65
"2370",97.72,52.48,37.15
"2371",97.92,51.79,36.6
"2372",98.63,52.13,37.07
"2373",99.03,52.1,36.73
"2374",98.94,52.04,36.97
"2375",99.65,51.62,37.35
"2376",98.83,51.48,36.83
"2377",97.34,50.14,36.47
"2378",97.46,49.83,37.4
"2379",97.14,49.69,37.32
"2380",97.55,50.39,37.39
"2381",95.33,50.13,36.94
"2382",95.1,50.07,37.29
"2383",95.91,51.19,37.4
"2384",95.55,50.99,37.36
"2385",96.1,51.91,37.78
"2386",93.4,49.83,36.24
"2387",92.04,48.43,35.22
"2388",93.59,49.44,36.04
"2389",94.4,50.54,36.86
"2390",95.6,51.17,37.56
"2391",95.89,51.16,37.99
"2392",94.99,51.17,37.5
"2393",95.53,51.38,37.51
"2394",95.94,51.38,37.52
"2395",96.68,52.3,37.74
"2396",96.98,52.59,37.96
"2397",97.42,53.21,37.89
"2398",96.87,53.51,37.64
"2399",98.79,53.74,37.96
"2400",98.78,53.7,37.72
"2401",99.83,53.96,37.95
"2402",99.87,53.09,38.17
"2403",99.96,55.91,38.9
"2404",99.43,55.8,38.85
"2405",98.66,56.57,39.38
"2406",97.34,56.73,38.32
"2407",96.67,56.76,38.76
"2408",102.95,56.19,38.66
"2409",104.34,56.21,38.52
"2410",104.21,56.68,38.19
"2411",106.05,56.58,38.8
"2412",104.48,56.58,38.57
"2413",105.79,56.97,38.39
"2414",105.87,57.39,38.92
"2415",107.48,57.96,38.99
"2416",108.37,58.06,39.24
"2417",108.81,58.2,39.24
"2418",108,58.02,39.93
"2419",107.93,58.3,41.27
"2420",108.18,57.94,42.94
"2421",109.48,58.12,42.67
"2422",109.38,57.44,42.49
"2423",109.22,57.56,42.7
"2424",109.08,57.6,42.9
"2425",109.36,57.62,43.02
"2426",108.51,57.67,42.52
"2427",108.85,57.89,42.6
"2428",108.03,57.95,41.91
"2429",107.57,58.17,42.03
"2430",106.94,58.03,42.27
"2431",106.82,58.1,42.26
"2432",106,57.89,42.58
"2433",106.1,57.46,42.75
"2434",106.73,57.59,42.93
"2435",107.73,57.67,43.28
"2436",107.7,57.61,44.71
"2437",108.36,57.66,44.35
"2438",105.52,57.43,44.36
"2439",103.13,56.21,42.92
"2440",105.44,57.05,43.46
"2441",107.95,56.53,43.04
"2442",111.77,56.26,43.46
"2443",115.57,57.19,43.99
"2444",114.92,57.25,43.67
"2445",113.58,56.93,43.19
"2446",113.57,56.81,42.79
"2447",113.55,57.76,44.14
"2448",114.62,57.82,44.15
"2449",112.71,57.43,42.8
"2450",112.88,56.9,42.29
"2451",113.09,57.95,43.37
"2452",113.95,58.03,43.69
"2453",112.18,57.4,42.57
"2454",113.05,57.6,43.1
"2455",112.52,57.42,43.13
"2456",113,57.24,43.18
"2457",113.05,57.64,43.71
"2458",113.89,57.74,43.68
"2459",114.06,57.8,43.22
"2460",116.05,58.04,43.92
"2461",116.3,57.19,42.68
"2462",117.34,57.11,42.36
"2463",116.98,56.92,41.62
"2464",117.63,57.42,41.44
"2465",117.55,57.22,41.79
"2466",117.47,57.66,41.68
"2467",117.12,57.53,42.73
"2468",117.06,57.25,42.38
"2469",116.6,59.66,42.17
"2470",117.65,61,42.59
"2471",118.25,60.99,42.55
"2472",115.59,60.63,42.08
"2473",114.48,60.1,41.87
"2474",113.72,59.87,41.78
"2475",113.54,59.92,41.55
"2476",111.49,59.8,41.33
"2477",111.59,59.43,40.68
"2478",109.83,59.21,40.23
"2479",108.84,58.71,40.28
"2480",110.41,60.42,41.05
"2481",111.06,60.47,41.16
"2482",110.88,60.17,41.21
"2483",107.79,58.7,40.16
"2484",108.43,59.02,40.42
"2485",105.71,58.12,39.3
"2486",107.11,58.87,40.21
"2487",109.99,59.65,40.98
"2488",109.95,60.64,41.45
"2489",110.06,60.35,41.19
"2490",111.73,60.86,41.11
"2491",111.8,61.12,41.01
"2492",111.23,60.4,40.96
"2493",111.79,60.53,40.87
